A0A031LK26|A0A031LK26_9CREN     227     243     PS00196|COPPER_BLUE     .       .       (0)     GtfY.YVCeyPgHaemgM

A0A060HJ89|A0A060HJ89_9ARCH     137     151     PS00196|COPPER_BLUE     .       .       (0)     AgdYaYHCv.P.Hpfm.Q

A0A060HLK5|A0A060HLK5_9ARCH     130     143     PS00196|COPPER_BLUE     .       .       (0)     Gt.YhYHCe.P.Hpwm.Q

A0A087RNJ9|A0A087RNJ9_9ARCH     164     180     PS00196|COPPER_BLUE     .       .       (0)     GtyY.YICtvPgHremgM

A0A087S571|A0A087S571_9ARCH     164     180     PS00196|COPPER_BLUE     .       .       (0)     GtyY.YICtvPgHremgM

A0A087S8W8|A0A087S8W8_9ARCH     160     176     PS00196|COPPER_BLUE     .       .       (0)     GtyY.YICtvPgHreqgM
A0A087S8W8|A0A087S8W8_9ARCH     295     311     PS00196|COPPER_BLUE     .       .       (0)     GtyY.YICtvPgHalqgM

A0A0A7V896|A0A0A7V896_9ARCH     172     188     PS00196|COPPER_BLUE     .       .       (0)     GtyY.YICtvPgHrmqgM
A0A0A7V896|A0A0A7V896_9ARCH     304     320     PS00196|COPPER_BLUE     .       .       (0)     GtyY.YICtvPgHalqgM

A0A0U5HTA3|A0A0U5HTA3_9EURY     305     319     PS00196|COPPER_BLUE     .       .       (0)     Gv.YkYYCe.P.HvgmgM

A0A0W1R2T0|A0A0W1R2T0_9EURY     161     175     PS00196|COPPER_BLUE     .       .       (0)     Gt.YlYYCt.P.HrglgM

A0A0W1R390|A0A0W1R390_9EURY     143     157     PS00196|COPPER_BLUE     .       .       (0)     Gi.YpYYCt.P.HramgM

A0A0W1R9Q0|A0A0W1R9Q0_9EURY     157     171     PS00196|COPPER_BLUE     .       .       (0)     At.YtYVCe.P.HasagM

A0A166TFG1|A0A166TFG1_9EURY     104     118     PS00196|COPPER_BLUE     .       .       (0)     Gy.YhYYCn.P.HrsigM

A0A1G9QAY1|A0A1G9QAY1_9EURY     134     148     PS00196|COPPER_BLUE     .       .       (0)     Gt.YpYYCq.P.HinlgM

A0A1G9QP20|A0A1G9QP20_9EURY     147     161     PS00196|COPPER_BLUE     .       .       (0)     Gt.YdYVCv.P.HasvgM

A0A1G9T1N3|A0A1G9T1N3_9EURY     114     128     PS00196|COPPER_BLUE     .       .       (0)     Gt.YeYQCd.P.HaglgM

A0A1G9VNK9|A0A1G9VNK9_9EURY     149     163     PS00196|COPPER_BLUE     .       .       (0)     Gd.YeYFCi.P.HetvgM

A0A1G9X3M4|A0A1G9X3M4_9EURY     285     299     PS00196|COPPER_BLUE     .       .       (0)     Gv.YlYACe.P.HqslgM

A0A1G9XD13|A0A1G9XD13_9EURY     138     152     PS00196|COPPER_BLUE     .       .       (0)     Gi.SkYACv.P.HkamgM

A0A1H1BLQ6|A0A1H1BLQ6_9EURY     124     138     PS00196|COPPER_BLUE     .       .       (0)     Gt.YeYVCi.P.HeqsgM

A0A1H1C370|A0A1H1C370_9EURY     142     157     PS00196|COPPER_BLUE     .       .       (0)     AgtYkYYCs.P.HramgM

A0A1H1C9J5|A0A1H1C9J5_9EURY     145     159     PS00196|COPPER_BLUE     .       .       (0)     Gd.YeYHCd.P.HetagM

A0A1H1D3L0|A0A1H1D3L0_9EURY     152     166     PS00196|COPPER_BLUE     .       .       (0)     Gt.YeYHCd.P.HetagM

A0A1H3VMF5|A0A1H3VMF5_9EURY     132     147     PS00196|COPPER_BLUE     .       .       (0)     GgvSkYYCq.P.HqslgM

A0A1H3XDX3|A0A1H3XDX3_9EURY     138     152     PS00196|COPPER_BLUE     .       .       (0)     Gv.YkYYCq.P.HlalgM

A0A1H5WGA1|A0A1H5WGA1_9EURY     133     147     PS00196|COPPER_BLUE     .       .       (0)     Gt.YkYYCd.P.HrslgM

A0A1H5YZU3|A0A1H5YZU3_9EURY     147     161     PS00196|COPPER_BLUE     .       .       (0)     Gt.YeYYCd.P.HrsagM

A0A1H5Z4S2|A0A1H5Z4S2_9EURY     110     124     PS00196|COPPER_BLUE     .       .       (0)     Gt.YeYYCe.P.HltagM

A0A1H5ZNK1|A0A1H5ZNK1_9EURY     126     140     PS00196|COPPER_BLUE     .       .       (0)     Ge.YqYFCi.P.HeqagM

A0A1H6BUA9|A0A1H6BUA9_9EURY     282     296     PS00196|COPPER_BLUE     .       .       (0)     Gt.YrYRCd.P.HetlgM

A0A1H6CA66|A0A1H6CA66_9EURY     98      112     PS00196|COPPER_BLUE     .       .       (0)     Gt.YdYYCi.P.HktvgM

A0A1H6I554|A0A1H6I554_9EURY     144     159     PS00196|COPPER_BLUE     .       .       (0)     AgtYrYICt.P.HqasgM

A0A1H6JVC7|A0A1H6JVC7_9EURY     166     181     PS00196|COPPER_BLUE     .       .       (0)     AgtYpYVCt.P.HeavgM

A0A1H6TUK7|A0A1H6TUK7_9EURY     120     134     PS00196|COPPER_BLUE     .       .       (0)     Gq.YrYVCt.P.HqtqgM

A0A1H6XUP3|A0A1H6XUP3_9EURY     127     141     PS00196|COPPER_BLUE     .       .       (0)     Gs.YeYVCq.P.HakqgM

A0A1I0MHN6|A0A1I0MHN6_9EURY     134     148     PS00196|COPPER_BLUE     .       .       (0)     Gv.YqYFCg.P.HrsmgM

A0A1I0NKN6|A0A1I0NKN6_9EURY     139     153     PS00196|COPPER_BLUE     .       .       (0)     Ge.YnYVCd.P.HasvgM

A0A1I0NR91|A0A1I0NR91_9EURY     134     147     PS00196|COPPER_BLUE     .       .       (0)     Gv.AeYYCm.P.Hpvq.M

A0A1I0Q9N7|A0A1I0Q9N7_9EURY     303     318     PS00196|COPPER_BLUE     .       .       (0)     AgvYkYYCd.P.HlrngM

A0A1I6LBP9|A0A1I6LBP9_9EURY     175     189     PS00196|COPPER_BLUE     .       .       (0)     Gi.YqYVCe.P.HegqgM

A0A1I6LI50|A0A1I6LI50_9EURY     146     160     PS00196|COPPER_BLUE     .       .       (0)     Gi.YqYVCe.P.HegqgM

A0A1I6LJP8|A0A1I6LJP8_9EURY     170     185     PS00196|COPPER_BLUE     .       .       (0)     AgvAlYHCe.P.HlalgM

A0A1I6LSK0|A0A1I6LSK0_9EURY     277     291     PS00196|COPPER_BLUE     .       .       (0)     Gv.YrYACr.P.HegigM

A0A1M5KNZ5|A0A1M5KNZ5_9EURY     124     139     PS00196|COPPER_BLUE     .       .       (0)     GgiYkYYCe.P.HkslgM

A0A1M5NN07|A0A1M5NN07_9EURY     158     172     PS00196|COPPER_BLUE     .       .       (0)     Gt.SkYYCm.P.HkalgM

A0A1M5NXQ2|A0A1M5NXQ2_9EURY     133     147     PS00196|COPPER_BLUE     .       .       (0)     Gv.SkYFCq.P.HkaigM
A0A1M5NXQ2|A0A1M5NXQ2_9EURY     259     273     PS00196|COPPER_BLUE     .       .       (0)     Gv.SkYFCq.P.HkalgM

A0A1M5PNI1|A0A1M5PNI1_9EURY     124     139     PS00196|COPPER_BLUE     .       .       (0)     AgvYrYACt.P.HkplgM

A0A1N6VWU3|A0A1N6VWU3_9EURY     142     156     PS00196|COPPER_BLUE     .       .       (0)     Gi.YkYVCe.P.HessgM

A0A1N6Y295|A0A1N6Y295_9EURY     123     137     PS00196|COPPER_BLUE     .       .       (0)     Ge.YeYICe.P.HinggM

A0A1Q1FFI3|A0A1Q1FFI3_9EURY     148     163     PS00196|COPPER_BLUE     .       .       (0)     AgnYtYYCt.P.HrqlgM

A0A1Q1FFR6|A0A1Q1FFR6_9EURY     120     134     PS00196|COPPER_BLUE     .       .       (0)     Gt.YeYFCv.P.HegagM

A0A1Q1FJ74|A0A1Q1FJ74_9EURY     148     162     PS00196|COPPER_BLUE     .       .       (0)     Gt.YdYYCs.P.HktlgM

A0A1Q1FPN4|A0A1Q1FPN4_9EURY     98      112     PS00196|COPPER_BLUE     .       .       (0)     Gt.YdYYCi.P.HksagM

A0A202E7C4|A0A202E7C4_9EURY     122     135     PS00196|COPPER_BLUE     .       .       (0)     Gm.AeYYCa.P.Hpqs.M

A0A238VD39|A0A238VD39_HALVU     109     123     PS00196|COPPER_BLUE     .       .       (0)     Gf.YeYVCt.P.HqtsgM

A0A256H4V8|A0A256H4V8_9EURY     115     129     PS00196|COPPER_BLUE     .       .       (0)     Gt.YeYVCt.P.HqtrdM

A0A256IS24|A0A256IS24_9EURY     98      112     PS00196|COPPER_BLUE     .       .       (0)     Gt.YdYYCi.P.HksigM

A0A256IS42|A0A256IS42_9EURY     161     175     PS00196|COPPER_BLUE     .       .       (0)     Gv.YhYYCt.P.HetvgM

A0A256K6K3|A0A256K6K3_9EURY     12      26      PS00196|COPPER_BLUE     .       .       (0)     Ga.YeYVCi.P.HreggM

A0A256KEA3|A0A256KEA3_9EURY     98      112     PS00196|COPPER_BLUE     .       .       (0)     Gt.YdYYCi.P.HksigM

A0A256KL63|A0A256KL63_9EURY     39      53      PS00196|COPPER_BLUE     .       .       (0)     Gt.YtYVCt.P.HeavgM

A0A285N331|A0A285N331_9EURY     171     185     PS00196|COPPER_BLUE     .       .       (0)     Gd.YeFFCa.P.HqtlgM

A0A2H1EF00|A0A2H1EF00_9ARCH     166     183     PS00196|COPPER_BLUE     .       .       (0)     AgeYyYICvvPgHrelgM
A0A2H1EF00|A0A2H1EF00_9ARCH     303     319     PS00196|COPPER_BLUE     .       .       (0)     Gt.YhYICtvPgHaalgM

A0A2I8VGV6|A0A2I8VGV6_9EURY     131     145     PS00196|COPPER_BLUE     .       .       (0)     Gv.YkYYCe.P.HlslgM
A0A2I8VGV6|A0A2I8VGV6_9EURY     258     272     PS00196|COPPER_BLUE     .       .       (0)     Gv.YtYYCe.P.HlslgM

A0A2I8VK01|A0A2I8VK01_9EURY     115     129     PS00196|COPPER_BLUE     .       .       (0)     Gp.YeYVCv.P.HessgM

A0A2I8VKQ6|A0A2I8VKQ6_9EURY     133     148     PS00196|COPPER_BLUE     .       .       (0)     AgtYeYFCi.P.HesseM

A0A2I8VLL5|A0A2I8VLL5_9EURY     134     147     PS00196|COPPER_BLUE     .       .       (0)     Gr.YeYYCi.P.Hest.M

A0A2I8VQV3|A0A2I8VQV3_9EURY     119     133     PS00196|COPPER_BLUE     .       .       (0)     Gt.YgYFCi.P.HessgM

A0A2I8VR19|A0A2I8VR19_9EURY     98      112     PS00196|COPPER_BLUE     .       .       (0)     Gt.YdYYCi.P.HktigM

A0A2I8VR45|A0A2I8VR45_9EURY     150     164     PS00196|COPPER_BLUE     .       .       (0)     Gv.YhYYCt.P.HetlgM

A0A2I8VRG2|A0A2I8VRG2_9EURY     98      112     PS00196|COPPER_BLUE     .       .       (0)     Gt.YdYYCi.P.HksvgM

A0A2I8VRM8|A0A2I8VRM8_9EURY     155     169     PS00196|COPPER_BLUE     .       .       (0)     Gv.YhYYCt.P.HeslgM

A0A2K5AP29|A0A2K5AP29_9ARCH     142     155     PS00196|COPPER_BLUE     .       .       (0)     Ge.YpYHCi.P.Hpwm.Q

A0A2R4X108|A0A2R4X108_9EURY     210     224     PS00196|COPPER_BLUE     .       .       (0)     Gw.YhYYCi.P.HlaagM

A0A2R4X4J1|A0A2R4X4J1_9EURY     110     124     PS00196|COPPER_BLUE     .       .       (0)     Gv.YdYFCr.P.HeaggM

A0A2R4ZQI2|A0A2R4ZQI2_9CREN     110     124     PS00196|COPPER_BLUE     .       .       (0)     Gs.YtFYCi.P.HkaidM

A0A2U9ID11|A0A2U9ID11_9CREN     191     207     PS00196|COPPER_BLUE     .       .       (0)     Gt.YwYICtyPgHaqmgM

A0A2W0G3H7|A0A2W0G3H7_9EURY     78      92      PS00196|COPPER_BLUE     .       .       (0)     Gt.YlYNCv.P.HmalgM

A0A2Z2HRX1|A0A2Z2HRX1_9EURY     139     150     PS00196|COPPER_BLUE     .       .       (-1)    A..A.YVCd.P.Hett.M

A0A346PNP8|A0A346PNP8_9EURY     125     139     PS00196|COPPER_BLUE     .       .       (0)     Gt.YhYICe.P.HvkadM

A0A365T9R1|A0A365T9R1_9EURY     150     165     PS00196|COPPER_BLUE     .       .       (0)     AgtYkYYCn.P.HkamgM

A0A365THY9|A0A365THY9_9EURY     89      103     PS00196|COPPER_BLUE     .       .       (0)     Gt.YlYYCd.P.HrslgM

A0A3A5W9G9|A0A3A5W9G9_9ARCH     125     139     PS00196|COPPER_BLUE     .       .       (0)     Gt.YqYVCe.P.HeslgM

A0A3A6PT46|A0A3A6PT46_9EURY     129     143     PS00196|COPPER_BLUE     .       .       (0)     Gv.YtYYCs.P.HrgygM

A0A3N6LSA5|A0A3N6LSA5_9EURY     137     151     PS00196|COPPER_BLUE     .       .       (-1)    GemAeYVCd.P.Hpns.M

A0A3N6N0I7|A0A3N6N0I7_9EURY     136     150     PS00196|COPPER_BLUE     .       .       (-1)    GemAeYVCd.P.Hpns.M

A0A3P3RKT8|A0A3P3RKT8_9EURY     181     195     PS00196|COPPER_BLUE     .       .       (0)     Gv.YdYYCp.P.HeglgM

A0A447G6E1|A0A447G6E1_9ARCH     158     175     PS00196|COPPER_BLUE     .       .       (0)     AgtYyYICtvPgHraqgM
A0A447G6E1|A0A447G6E1_9ARCH     288     304     PS00196|COPPER_BLUE     .       .       (0)     Ge.YwYICtvPgHalqgM

A0A483CRV4|A0A483CRV4_9EURY     116     130     PS00196|COPPER_BLUE     .       .       (0)     AgtYhFLCd.P.Hprq.M

A0A498GBT5|A0A498GBT5_9EURY     133     147     PS00196|COPPER_BLUE     .       .       (0)     Gm.YkYFCq.P.HralgM

A0A4D6HF62|A0A4D6HF62_9EURY     136     150     PS00196|COPPER_BLUE     .       .       (0)     Gv.YlYKCn.P.HefqgM

A0A4D6HH17|A0A4D6HH17_9EURY     257     271     PS00196|COPPER_BLUE     .       .       (0)     Gt.YkYACt.P.HtemgM

A0A4S3TMU8|A0A4S3TMU8_9EURY     146     160     PS00196|COPPER_BLUE     .       .       (-1)    AemAeYVCd.P.Hett.M

A0A4U5J9A2|A0A4U5J9A2_9EURY     119     133     PS00196|COPPER_BLUE     .       .       (0)     Gt.YgYCCi.P.HessgM

A0A4U5J9B7|A0A4U5J9B7_9EURY     119     133     PS00196|COPPER_BLUE     .       .       (0)     Gt.YgYFCi.P.HegsgM

A0A4U5JC28|A0A4U5JC28_9EURY     155     169     PS00196|COPPER_BLUE     .       .       (0)     Gv.YhYYCt.P.HeslgM

A0A4U5JNL9|A0A4U5JNL9_9EURY     147     162     PS00196|COPPER_BLUE     .       .       (0)     AgaAlYVCv.P.HraqgM

A0A4U7EYQ6|A0A4U7EYQ6_9EURY     28      42      PS00196|COPPER_BLUE     .       .       (0)     Gt.YeYFCi.P.HegsgM

A0A4U7F1R3|A0A4U7F1R3_9EURY     188     202     PS00196|COPPER_BLUE     .       .       (0)     Gv.YrYACr.P.HrgigQ

A0A4U7FCL2|A0A4U7FCL2_9EURY     113     127     PS00196|COPPER_BLUE     .       .       (0)     Gt.YeYVCt.P.HqtrdM

A0A4V5ZNT8|A0A4V5ZNT8_9EURY     98      112     PS00196|COPPER_BLUE     .       .       (0)     Gt.YdYYCi.P.HksvgM

A0A518S9F0|A0A518S9F0_9EURY     120     134     PS00196|COPPER_BLUE     .       .       (0)     Gd.YhFWCq.P.HkqlgM

A0A518SDE5|A0A518SDE5_9EURY     105     119     PS00196|COPPER_BLUE     .       .       (0)     Gd.YhYICv.P.HenlgM

A0A550D1W2|A0A550D1W2_9CREN     26      42      PS00196|COPPER_BLUE     .       .       (0)     GnyY.YICeyPgHaemgM

A0A557SXZ0|A0A557SXZ0_9ARCH     135     147     PS00196|COPPER_BLUE     .       .       (0)     Ge.YlYHCe.P.Hpw..M

A0A5B2Z7B0|A0A5B2Z7B0_9ARCH     99      111     PS00196|COPPER_BLUE     .       .       (0)     Gd.YlYHCe.P.Hpw..M

A0A650A263|A0A650A263_9EURY     97      111     PS00196|COPPER_BLUE     .       .       (0)     Gt.YdYYCi.P.HtsagM

A0A650A446|A0A650A446_9EURY     134     148     PS00196|COPPER_BLUE     .       .       (0)     Gi.SkYYCd.P.HlavgM

A0A650A5W2|A0A650A5W2_9EURY     140     154     PS00196|COPPER_BLUE     .       .       (0)     Gt.YlYVCi.P.HrvqgM

A0A6A7LD07|A0A6A7LD07_9ARCH     130     142     PS00196|COPPER_BLUE     .       .       (0)     Ge.YpYHCe.P.Hpw..M

A0A6A7LLJ8|A0A6A7LLJ8_9ARCH     183     195     PS00196|COPPER_BLUE     .       .       (0)     Gr.YeYFCv.P.Hpw..M

A0A6A9SKW4|A0A6A9SKW4_9EURY     132     146     PS00196|COPPER_BLUE     .       .       (0)     Gv.SlYACt.P.HkamgM

A0A6A9SNT8|A0A6A9SNT8_9EURY     98      112     PS00196|COPPER_BLUE     .       .       (0)     Gt.YdYYCi.P.HksigM

A0A6A9SQQ6|A0A6A9SQQ6_9EURY     119     133     PS00196|COPPER_BLUE     .       .       (0)     Gv.YqYYCe.P.HeelgM

A0A6A9SS64|A0A6A9SS64_9EURY     130     144     PS00196|COPPER_BLUE     .       .       (0)     Gt.YeYYCi.P.HesgnM

A0A6A9ST06|A0A6A9ST06_9EURY     93      108     PS00196|COPPER_BLUE     .       .       (0)     AgeYdYYCv.P.HrssgM

A0A6A9SX75|A0A6A9SX75_9EURY     130     144     PS00196|COPPER_BLUE     .       .       (0)     Gi.StYVCe.P.HetqgM

A0A6A9SZU7|A0A6A9SZU7_9EURY     156     170     PS00196|COPPER_BLUE     .       .       (0)     Gt.SkYYCn.P.HktmgM

A0A6A9T010|A0A6A9T010_9EURY     140     154     PS00196|COPPER_BLUE     .       .       (0)     Gi.YnYYCt.P.HqgqgM

A0A6A9TCG3|A0A6A9TCG3_9EURY     134     148     PS00196|COPPER_BLUE     .       .       (0)     Gt.YrYVCt.P.HrsqgM

A0A6A9TEP1|A0A6A9TEP1_9EURY     98      112     PS00196|COPPER_BLUE     .       .       (0)     Gt.YdYYCi.P.HksigM

A0A6A9THD2|A0A6A9THD2_9EURY     188     202     PS00196|COPPER_BLUE     .       .       (0)     Gv.YrYACe.P.HraigQ

A0A6B0SD10|A0A6B0SD10_9EURY     158     172     PS00196|COPPER_BLUE     .       .       (0)     Gv.YnYYCr.P.HeglgM

A0A6B0SH77|A0A6B0SH77_9EURY     130     144     PS00196|COPPER_BLUE     .       .       (0)     Gv.SkYYCt.P.HqsmgM
A0A6B0SH77|A0A6B0SH77_9EURY     266     280     PS00196|COPPER_BLUE     .       .       (0)     Gv.SkYYCg.P.HqsmgM

A0A6B0SHH9|A0A6B0SHH9_9EURY     139     153     PS00196|COPPER_BLUE     .       .       (0)     Ge.YhYVCd.P.HesvgM

A0A6B0SIT0|A0A6B0SIT0_9EURY     111     125     PS00196|COPPER_BLUE     .       .       (0)     Gr.YeYVCt.P.HqnqgM

A0A6B0SJB6|A0A6B0SJB6_9EURY     142     156     PS00196|COPPER_BLUE     .       .       (0)     Gv.YkYYCd.P.HlsvgM
A0A6B0SJB6|A0A6B0SJB6_9EURY     277     291     PS00196|COPPER_BLUE     .       .       (0)     Gv.YkYYCe.P.HlsvgM

A0A6B0SKU6|A0A6B0SKU6_9EURY     74      88      PS00196|COPPER_BLUE     .       .       (0)     Gv.SlYVCg.P.HeamgM

A0A6B0SLH5|A0A6B0SLH5_9EURY     110     124     PS00196|COPPER_BLUE     .       .       (0)     Gt.YeYVCt.P.HaslgM

A0A6B0SNG0|A0A6B0SNG0_9EURY     201     215     PS00196|COPPER_BLUE     .       .       (0)     Gi.YdVLCl.P.HlpvgM

A0A6B0SQU3|A0A6B0SQU3_9EURY     145     159     PS00196|COPPER_BLUE     .       .       (0)     Gt.YeYYCi.P.HemngM

A0A6B0TD34|A0A6B0TD34_9EURY     170     184     PS00196|COPPER_BLUE     .       .       (0)     Gv.ApYVCv.P.HraigM

A0A6B0VK86|A0A6B0VK86_9EURY     137     148     PS00196|COPPER_BLUE     .       .       (-1)    A..Y.YVCe.P.Hdna.M

A0A6B0VRX8|A0A6B0VRX8_9EURY     137     148     PS00196|COPPER_BLUE     .       .       (-1)    A..Y.YVCe.P.Hdna.M

A0A6G2FXD5|A0A6G2FXD5_9EURY     145     160     PS00196|COPPER_BLUE     .       .       (0)     AgvAlYHCe.P.HlslgM

A0A6G2FXN2|A0A6G2FXN2_9EURY     139     153     PS00196|COPPER_BLUE     .       .       (0)     Gt.YkYVCt.P.HrsmgM

A0A6G2G0C7|A0A6G2G0C7_9EURY     163     178     PS00196|COPPER_BLUE     .       .       (0)     AgtYeYACt.P.HeamgM

A0A6G2G1C4|A0A6G2G1C4_9EURY     258     272     PS00196|COPPER_BLUE     .       .       (0)     Gt.YlYACg.P.HqtlgM

A0A6G2HFJ0|A0A6G2HFJ0_9EURY     130     145     PS00196|COPPER_BLUE     .       .       (0)     GdvYtYVCt.P.HeavdM

A0A6G2HGH2|A0A6G2HGH2_9EURY     108     122     PS00196|COPPER_BLUE     .       .       (0)     Gl.YeYVCt.P.HqtsgM

A0A6G2HGZ6|A0A6G2HGZ6_9EURY     116     130     PS00196|COPPER_BLUE     .       .       (0)     Gr.YdYVCi.P.HedggM

A0A6G3ZNB1|A0A6G3ZNB1_9EURY     146     160     PS00196|COPPER_BLUE     .       .       (0)     Gv.YdYYCt.P.HepfgM

A0A6G8T683|A0A6G8T683_9EURY     145     159     PS00196|COPPER_BLUE     .       .       (0)     Gt.YeYYCi.P.HemngM

A0A6G8T6R5|A0A6G8T6R5_9EURY     138     152     PS00196|COPPER_BLUE     .       .       (0)     Gi.YpYYCa.P.HeglqM

A0A6G8T7N7|A0A6G8T7N7_9EURY     159     174     PS00196|COPPER_BLUE     .       .       (0)     AgvYlYYCq.P.HkslgM

A0A6G8T844|A0A6G8T844_9EURY     149     163     PS00196|COPPER_BLUE     .       .       (0)     Ge.YpFVCe.P.HseagM
A0A6G8T844|A0A6G8T844_9EURY     272     286     PS00196|COPPER_BLUE     .       .       (0)     Gq.YlYACl.P.HkalgM

A0A6G8TDT7|A0A6G8TDT7_9EURY     98      112     PS00196|COPPER_BLUE     .       .       (0)     Gt.YdYYCi.P.HksvgM

A0A6G8TDU7|A0A6G8TDU7_9EURY     155     169     PS00196|COPPER_BLUE     .       .       (0)     Gv.YhYYCt.P.HeslgM

A0A7D4Y3B7|A0A7D4Y3B7_9EURY     142     156     PS00196|COPPER_BLUE     .       .       (0)     Ge.YeYYCi.P.HemngM

A0A7D4Y5J1|A0A7D4Y5J1_9EURY     252     266     PS00196|COPPER_BLUE     .       .       (0)     Gv.YrYVCt.P.HqslgM

A0A7D4YPZ8|A0A7D4YPZ8_9EURY     111     125     PS00196|COPPER_BLUE     .       .       (0)     Ge.YhYVCe.P.HegmgM

A0A7D5E934|A0A7D5E934_9EURY     135     150     PS00196|COPPER_BLUE     .       .       (0)     AgvYkYYCt.P.HlsmgM
A0A7D5E934|A0A7D5E934_9EURY     269     283     PS00196|COPPER_BLUE     .       .       (0)     Gt.YrYYCt.P.HlsmgM

A0A7D5GHV9|A0A7D5GHV9_9EURY     141     156     PS00196|COPPER_BLUE     .       .       (0)     AgtSlYYCd.P.HksagM

A0A7D5GKQ9|A0A7D5GKQ9_9EURY     132     146     PS00196|COPPER_BLUE     .       .       (0)     Gv.SkYFCs.P.HrnlgM

A0A7D5GV23|A0A7D5GV23_9EURY     159     173     PS00196|COPPER_BLUE     .       .       (0)     Gt.YlYVCe.P.HrqqgM

A0A7D5KC06|A0A7D5KC06_9EURY     151     165     PS00196|COPPER_BLUE     .       .       (0)     Gv.YdVLCa.P.HeiygM

A0A7D5KKQ4|A0A7D5KKQ4_9EURY     162     176     PS00196|COPPER_BLUE     .       .       (0)     Gv.YdYVCt.P.HerdgM

A0A7D5LBG3|A0A7D5LBG3_9EURY     134     148     PS00196|COPPER_BLUE     .       .       (0)     Gt.SkYACd.P.HrnmgM

A0A7D5QA26|A0A7D5QA26_9EURY     119     133     PS00196|COPPER_BLUE     .       .       (0)     Gt.YgYFCi.P.HessgM

A0A7D5QGQ9|A0A7D5QGQ9_9EURY     165     179     PS00196|COPPER_BLUE     .       .       (0)     Gv.YdYFCl.P.HeglgM

A0A7D5QJJ2|A0A7D5QJJ2_9EURY     15      29      PS00196|COPPER_BLUE     .       .       (0)     Ge.YgYFCi.P.HegagM

A0A7D5QN23|A0A7D5QN23_9EURY     112     126     PS00196|COPPER_BLUE     .       .       (0)     Gt.YdYYCl.P.HrangM

A0A7J9SKB3|A0A7J9SKB3_9EURY     147     162     PS00196|COPPER_BLUE     .       .       (0)     AgvYtYVCt.P.HetlgM

A0RZ20|A0RZ20_CENSY     163     179     PS00196|COPPER_BLUE     .       .       (0)     GvyY.YICtvPgHriqgM

A4YFD4|A4YFD4_METS5     228     244     PS00196|COPPER_BLUE     .       .       (0)     GtyY.YVCeyPgHaemgM

A8M988|A8M988_CALMQ     234     250     PS00196|COPPER_BLUE     .       .       (0)     Gt.YwYLCtyPgHaqdgM

A9A1W0|A9A1W0_NITMS     160     176     PS00196|COPPER_BLUE     .       .       (0)     GvfY.YICtvPgHreqgM

C7NWN2|C7NWN2_HALMD     115     130     PS00196|COPPER_BLUE     .       .       (0)     AgqYrYFCi.P.HerggM

C7NY85|C7NY85_HALMD     126     140     PS00196|COPPER_BLUE     .       .       (0)     Gt.YeYACt.P.HrsmgM
C7NY85|C7NY85_HALMD     258     273     PS00196|COPPER_BLUE     .       .       (0)     AgtYeYACt.P.HrsmgM

C7NZM3|C7NZM3_HALMD     270     284     PS00196|COPPER_BLUE     .       .       (0)     Gv.YlYACr.P.HegigQ

C7P0G7|C7P0G7_HALMD     127     141     PS00196|COPPER_BLUE     .       .       (0)     Gi.YpYYCv.P.HkslnM

C7P1C5|C7P1C5_HALMD     116     130     PS00196|COPPER_BLUE     .       .       (0)     Gt.YdYICt.P.HvangM

C7P1W5|C7P1W5_HALMD     138     152     PS00196|COPPER_BLUE     .       .       (0)     Gi.YpYYCv.P.HkslnM

C7P2W2|C7P2W2_HALMD     151     165     PS00196|COPPER_BLUE     .       .       (0)     Gt.YeYYCv.P.HqgsgM

C7P3R3|C7P3R3_HALMD     89      103     PS00196|COPPER_BLUE     .       .       (0)     Gt.YdYFCq.P.HvdagM

D2RQR4|D2RQR4_HALTV     124     138     PS00196|COPPER_BLUE     .       .       (0)     Gt.YtYICe.P.HvnagM

D2RQT3|D2RQT3_HALTV     135     146     PS00196|COPPER_BLUE     .       .       (-1)    A..Y.YRCn.P.Hsnm.Q

D2RTB8|D2RTB8_HALTV     164     175     PS00196|COPPER_BLUE     .       .       (-1)    A..A.YVCt.P.Hest.M
D2RTB8|D2RTB8_HALTV     292     307     PS00196|COPPER_BLUE     .       .       (-1)    AemAvYACe.P.HqntmQ

D2RTN5|D2RTN5_HALTV     159     173     PS00196|COPPER_BLUE     .       .       (0)     Gv.YdVLCa.P.HeifgM

D2S0F7|D2S0F7_HALTV     119     133     PS00196|COPPER_BLUE     .       .       (0)     Gt.YgYYCi.P.HessgM

D2S171|D2S171_HALTV     156     170     PS00196|COPPER_BLUE     .       .       (0)     Gv.YhYYCt.P.HetagM

D3STY6|D3STY6_NATMM     142     153     PS00196|COPPER_BLUE     .       .       (-1)    A..Y.YRCa.P.Hsqm.Q

D3SV43|D3SV43_NATMM     165     176     PS00196|COPPER_BLUE     .       .       (-1)    A..Y.YRCd.P.Hnqm.Q

D3SXN6|D3SXN6_NATMM     124     138     PS00196|COPPER_BLUE     .       .       (0)     Ge.YtYICe.P.HvegnM

D4GX08|D4GX08_HALVD     799     813     PS00196|COPPER_BLUE     .       .       (0)     GehA.YYCv.P.HeaagM

E1QU99|E1QU99_VULDI     242     258     PS00196|COPPER_BLUE     .       .       (0)     Gt.YwYLCtyPgHaeegM

E4NR40|E4NR40_HALBP     265     279     PS00196|COPPER_BLUE     .       .       (0)     Gt.YkYACt.P.HksmgM

E4NW69|E4NW69_HALBP     294     308     PS00196|COPPER_BLUE     .       .       (0)     Gt.YlYACe.P.HgplgM

E6N2U7|E6N2U7_CALS0     178     192     PS00196|COPPER_BLUE     .       .       (0)     AgiYpYHCt.P.Hpwm.Q

F7PP49|F7PP49_9EURY     132     146     PS00196|COPPER_BLUE     .       .       (0)     Gt.YrYVCe.P.HeiqgM

F7PPC3|F7PPC3_9EURY     120     134     PS00196|COPPER_BLUE     .       .       (0)     Gr.YpYVCi.P.HessnM

F8D481|F8D481_HALXS     125     139     PS00196|COPPER_BLUE     .       .       (0)     Gt.YtYFCe.P.HiragM

F8D913|F8D913_HALXS     164     178     PS00196|COPPER_BLUE     .       .       (0)     Gv.YdVLCa.P.HeifgM

G2MI99|G2MI99_9EURY     134     148     PS00196|COPPER_BLUE     .       .       (0)     Gt.YeYVCt.P.HasagM

G2MIK7|G2MIK7_9EURY     139     153     PS00196|COPPER_BLUE     .       .       (0)     Ge.YvYVCa.P.HagqgM

G2MIM6|G2MIM6_9EURY     115     130     PS00196|COPPER_BLUE     .       .       (0)     AgeYqYFCi.P.HeqggM

G2MJ28|G2MJ28_9EURY     142     156     PS00196|COPPER_BLUE     .       .       (0)     Ge.YkYYCi.P.HemngM

G2MJ69|G2MJ69_9EURY     122     136     PS00196|COPPER_BLUE     .       .       (0)     Gt.YeYVCt.P.HasagM

G2MJ81|G2MJ81_9EURY     110     125     PS00196|COPPER_BLUE     .       .       (0)     AgrYnYVCt.P.HksagM

G2MMS9|G2MMS9_9EURY     170     184     PS00196|COPPER_BLUE     .       .       (0)     Gv.YhYYCt.P.HetlgM

G2MNK5|G2MNK5_9EURY     113     127     PS00196|COPPER_BLUE     .       .       (0)     GeyY.YVCt.P.HeglgM

H0A9S8|H0A9S8_HALSG     98      114     PS00196|COPPER_BLUE     .       .       (0)     Ge.YeFICsvGtHaqqgM

K0IAN2|K0IAN2_NITGG     131     144     PS00196|COPPER_BLUE     .       .       (0)     Ge.YpYHCd.P.Hpwm.Q

K0IGU6|K0IGU6_NITGG     134     146     PS00196|COPPER_BLUE     .       .       (0)     Ge.YhYHCe.P.Hpw..M

K0IHN9|K0IHN9_NITGG     113     126     PS00196|COPPER_BLUE     .       .       (0)     AgeYqYFCe.P.Hpn..M

L0I9H1|L0I9H1_HALRX     285     300     PS00196|COPPER_BLUE     .       .       (0)     AglAlYHCe.P.HlsvgM

L0JME3|L0JME3_NATP1     134     147     PS00196|COPPER_BLUE     .       .       (0)     Gm.AgYYCv.P.Hpvq.M

L0JMS3|L0JMS3_NATP1     123     137     PS00196|COPPER_BLUE     .       .       (0)     Gt.YdYVCi.P.HeraeM

L0JXD9|L0JXD9_9EURY     137     147     PS00196|COPPER_BLUE     .       .       (-1)    A..A.YRCr.P.Hgs..M

L9W231|L9W231_9EURY     123     137     PS00196|COPPER_BLUE     .       .       (0)     Gs.YtYICe.P.HikggM

L9WGV4|L9WGV4_9EURY     132     146     PS00196|COPPER_BLUE     .       .       (0)     AgeYvYVCt.P.Htpq.M

L9X1Q4|L9X1Q4_9EURY     135     146     PS00196|COPPER_BLUE     .       .       (-1)    A..A.YVCq.P.Hdta.M

L9X258|L9X258_9EURY     166     177     PS00196|COPPER_BLUE     .       .       (-1)    A..Y.YVCe.P.Hdaa.M

L9XJ01|L9XJ01_9EURY     175     189     PS00196|COPPER_BLUE     .       .       (0)     Ge.YlYICe.P.HvkggM

L9ZWV8|L9ZWV8_9EURY     122     136     PS00196|COPPER_BLUE     .       .       (0)     Gt.YeYFCi.P.HegaeM

M0ANC0|M0ANC0_NATA1     123     137     PS00196|COPPER_BLUE     .       .       (0)     Gr.YeYICi.P.HvnadM

M0CD04|M0CD04_9EURY     201     215     PS00196|COPPER_BLUE     .       .       (0)     Gv.YdFLCs.P.HevygM

M0CJG1|M0CJG1_9EURY     117     131     PS00196|COPPER_BLUE     .       .       (0)     GthA.YFCv.P.HeasgM

M0CLM6|M0CLM6_9EURY     134     148     PS00196|COPPER_BLUE     .       .       (0)     GiyA.YYCg.P.HegtgM

M0CPZ0|M0CPZ0_9EURY     123     137     PS00196|COPPER_BLUE     .       .       (0)     Gt.YeYFCi.P.HeraeM

M0CRD8|M0CRD8_9EURY     167     181     PS00196|COPPER_BLUE     .       .       (0)     Gi.YrYICe.P.HlqlgM

M0CRJ1|M0CRJ1_9EURY     149     163     PS00196|COPPER_BLUE     .       .       (0)     Gt.YeYYCi.P.HelngM

M0CTN6|M0CTN6_9EURY     139     153     PS00196|COPPER_BLUE     .       .       (0)     Gm.YtYYCg.P.HegqgM

M0CTP7|M0CTP7_9EURY     140     155     PS00196|COPPER_BLUE     .       .       (0)     GgmYtYNCa.P.HegqgM

M0CUW9|M0CUW9_9EURY     80      94      PS00196|COPPER_BLUE     .       .       (0)     Gt.YeYVCi.P.HessgM

M0CV51|M0CV51_9EURY     147     162     PS00196|COPPER_BLUE     .       .       (0)     AgvAlYHCe.P.HlslgM

M0CVQ2|M0CVQ2_9EURY     44      58      PS00196|COPPER_BLUE     .       .       (0)     Gt.YeYHCq.P.HesagM

M0D0B7|M0D0B7_9EURY     119     134     PS00196|COPPER_BLUE     .       .       (0)     AgeYtYVCi.P.HsrqgM

M0D1T6|M0D1T6_9EURY     82      97      PS00196|COPPER_BLUE     .       .       (0)     AgeYvYVCa.P.HegqgM

M0D2L5|M0D2L5_9EURY     168     182     PS00196|COPPER_BLUE     .       .       (0)     GeyA.YYCs.P.HrsagM

M0D368|M0D368_9EURY     132     146     PS00196|COPPER_BLUE     .       .       (0)     Gv.SkYACt.P.HkvsgM

M0EXM2|M0EXM2_9EURY     161     175     PS00196|COPPER_BLUE     .       .       (0)     Gt.YeYVCt.P.HssvgM

M0EZU7|M0EZU7_9EURY     118     132     PS00196|COPPER_BLUE     .       .       (0)     Gt.YeYVCt.P.HqtrgM

M0FJ36|M0FJ36_9EURY     119     133     PS00196|COPPER_BLUE     .       .       (0)     Gt.YeYVCi.P.HreggM

M0LHP8|M0LHP8_9EURY     145     156     PS00196|COPPER_BLUE     .       .       (-1)    A..S.YVCd.P.Hett.M

M0LNN6|M0LNN6_9EURY     144     155     PS00196|COPPER_BLUE     .       .       (-1)    A..S.YVCn.P.Hett.M

M0LQ20|M0LQ20_9EURY     123     137     PS00196|COPPER_BLUE     .       .       (0)     Ge.YtYVCi.P.HeragM

M0LS65|M0LS65_9EURY     359     372     PS00196|COPPER_BLUE     .       .       (0)     Gt.YeYVCt.P.Hlpt.M

M0LTS7|M0LTS7_9EURY     123     137     PS00196|COPPER_BLUE     .       .       (0)     Gt.YtYICe.P.HvkggM

M0M0K0|M0M0K0_HALMO     157     172     PS00196|COPPER_BLUE     .       .       (0)     AgeYtYVCi.P.HvssgM

M0M3V8|M0M3V8_HALMO     98      113     PS00196|COPPER_BLUE     .       .       (-1)    AgqYgYFCi.P.HerskM

M0M5X4|M0M5X4_9EURY     171     185     PS00196|COPPER_BLUE     .       .       (0)     Gt.YdYYCi.P.HktlgM

M0M9U4|M0M9U4_9EURY     116     130     PS00196|COPPER_BLUE     .       .       (0)     Gt.YnYFCi.P.HepggM

M0MHD0|M0MHD0_9EURY     262     276     PS00196|COPPER_BLUE     .       .       (0)     Gv.YpYYCn.P.HrslgM

M0MJ82|M0MJ82_9EURY     139     153     PS00196|COPPER_BLUE     .       .       (0)     Gv.YkYVCe.P.HeamgM

M0MKH3|M0MKH3_9EURY     116     130     PS00196|COPPER_BLUE     .       .       (0)     Gt.YnYFCi.P.HerggM

M0MSM7|M0MSM7_HALMO     164     179     PS00196|COPPER_BLUE     .       .       (0)     AgdYtYVCi.P.HtssgM

M0MTA0|M0MTA0_HALMO     116     130     PS00196|COPPER_BLUE     .       .       (0)     Gt.YnYFCi.P.HeptgM

Q5UXI4|Q5UXI4_HALMA     139     153     PS00196|COPPER_BLUE     .       .       (0)     Gi.YpYVCv.P.HeglgM

Q5UXU5|Q5UXU5_HALMA     162     176     PS00196|COPPER_BLUE     .       .       (0)     Ge.YeYHCv.P.HqsigM

Q5V295|Q5V295_HALMA     116     130     PS00196|COPPER_BLUE     .       .       (0)     GeyA.YFCi.P.HeragM

Q5V2Z9|Q5V2Z9_HALMA     261     275     PS00196|COPPER_BLUE     .       .       (0)     Gv.YkYVCt.P.HeslgM

Q5V424|Q5V424_HALMA     135     149     PS00196|COPPER_BLUE     .       .       (0)     Gi.YpYLCv.P.HeglnM

Q5V4M3|Q5V4M3_HALMA     169     183     PS00196|COPPER_BLUE     .       .       (0)     Gt.YlYNCv.P.HkalgM

Q5V4X3|Q5V4X3_HALMA     149     163     PS00196|COPPER_BLUE     .       .       (0)     Gt.YeYYCi.P.HemngM

Q5V701|Q5V701_HALMA     98      112     PS00196|COPPER_BLUE     .       .       (0)     Gt.YdYYCi.P.HktvgM

Q5V725|Q5V725_HALMA     131     145     PS00196|COPPER_BLUE     .       .       (0)     Gt.YdYFCi.P.HktlgM

Q6LYJ4|Q6LYJ4_METMP     98      110     PS00196|COPPER_BLUE     .       .       (0)     Gm.YnYYCi.P.Hpy..M

Q9HI42|Q9HI42_THEAC     176     192     PS00196|COPPER_BLUE     .       .       (0)     Gt.YwYLCtyPgHaengM

Q9HQF3|Q9HQF3_HALSA     133     148     PS00196|COPPER_BLUE     .       .       (0)     AgvYtYFCs.P.HramgM

Q9HRA6|Q9HRA6_HALSA     127     141     PS00196|COPPER_BLUE     .       .       (0)     GeyY.YFCi.P.HegagM

Q9HRQ9|Q9HRQ9_HALSA     146     160     PS00196|COPPER_BLUE     .       .       (0)     GeyS.YVCd.P.HkslgM

Q9HRS0|Q9HRS0_HALSA     162     176     PS00196|COPPER_BLUE     .       .       (0)     Ge.YnYVCt.P.HaslgM

R4VTW9|R4VTW9_9EURY     164     178     PS00196|COPPER_BLUE     .       .       (0)     Gt.YtYFCe.P.HlslgM
R4VTW9|R4VTW9_9EURY     301     315     PS00196|COPPER_BLUE     .       .       (0)     Gt.YtYFCe.P.HlslgM

R4VVJ6|R4VVJ6_9EURY     131     146     PS00196|COPPER_BLUE     .       .       (0)     AgeYtYVCv.P.HvasgM

R4VVU1|R4VVU1_9EURY     127     141     PS00196|COPPER_BLUE     .       .       (0)     Gt.YrYVCv.P.HesmgM

R4VX45|R4VX45_9EURY     153     167     PS00196|COPPER_BLUE     .       .       (0)     Gv.YdYFCs.P.HeavgM

R4W3M0|R4W3M0_9EURY     195     209     PS00196|COPPER_BLUE     .       .       (0)     Gt.YdYYCe.P.HrsagM

R4WAD2|R4WAD2_9EURY     214     228     PS00196|COPPER_BLUE     .       .       (0)     Gv.AlYHCe.P.HfslgM

S2ELN6|S2ELN6_9ARCH     162     178     PS00196|COPPER_BLUE     .       .       (0)     GtyY.YICtvPgHreqgM
S2ELN6|S2ELN6_9ARCH     297     313     PS00196|COPPER_BLUE     .       .       (0)     GtyY.YICtvPgHalqgM

T0NA09|T0NA09_9ARCH     172     188     PS00196|COPPER_BLUE     .       .       (0)     Gt.YwYLCtyPgHaengM

U1P8V5|U1P8V5_9EURY     129     143     PS00196|COPPER_BLUE     .       .       (0)     Gv.YtYYCs.P.HrgygM

U1QIQ8|U1QIQ8_9EURY     123     137     PS00196|COPPER_BLUE     .       .       (0)     Gv.YkYHCt.P.HqtqgM

V4GTX3|V4GTX3_9EURY     130     145     PS00196|COPPER_BLUE     .       .       (0)     AgvSkYYCt.P.HrnlgM

V4YEZ2|V4YEZ2_9ARCH     129     143     PS00196|COPPER_BLUE     .       .       (0)     GitA.YQCn.P.HksigM

V5A5U6|V5A5U6_9ARCH     148     162     PS00196|COPPER_BLUE     .       .       (0)     Gi.YkYICs.P.HislgM

V6AV58|V6AV58_9ARCH     157     173     PS00196|COPPER_BLUE     .       .       (0)     GtfY.YICtvPgHrelgM
V6AV58|V6AV58_9ARCH     289     305     PS00196|COPPER_BLUE     .       .       (0)     GtyY.YICtvPgHaalgM

W0JP74|W0JP74_9EURY     142     153     PS00196|COPPER_BLUE     .       .       (-1)    A..SvYRCn.P.Has..M

W0JXL0|W0JXL0_9EURY     112     126     PS00196|COPPER_BLUE     .       .       (0)     Gt.YeYVCv.P.HaslgM

W0JZK8|W0JZK8_9EURY     142     156     PS00196|COPPER_BLUE     .       .       (0)     Gt.YeYYCi.P.HemsgM

W0K2L1|W0K2L1_9EURY     140     154     PS00196|COPPER_BLUE     .       .       (0)     Ge.YnYVCd.P.HaslgM

W0K422|W0K422_9EURY     114     128     PS00196|COPPER_BLUE     .       .       (0)     Gr.YeYVCt.P.HqqfgM

W0K436|W0K436_9EURY     138     152     PS00196|COPPER_BLUE     .       .       (0)     Gv.YhYYCt.P.HetvgM

A0A063ZNU1|HALOCYANIN|MW=16159.0Da      125     139     PS00196|COPPER_BLUE     .       .       (0)     Gt.YnYACl.P.HeeggM

A0A081ESI8|HALOCYANIN|MW=14991.0Da      119     133     PS00196|COPPER_BLUE     .       .       (0)     Gr.YdYVCi.P.HetggM

A0A0P7GBK6|PLASTOCYANIN|MW=15653.0Da    117     131     PS00196|COPPER_BLUE     .       .       (0)     Ge.YkYFCi.P.HesggM

A0A0P7GVK0|HALOCYANIN|MW=14637.0Da      113     127     PS00196|COPPER_BLUE     .       .       (0)     Ge.YhYVCe.P.HegmgM

A0A0P7GZ90|HALOCYANIN|MW=27019.0Da      113     127     PS00196|COPPER_BLUE     .       .       (0)     Gv.YkYVCi.P.HealgM

A0A0P7H0H7|HALOCYANIN|MW=23515.0Da      114     128     PS00196|COPPER_BLUE     .       .       (0)     Gt.YdYYCm.P.HqalgM

A0A0U5ACB0|HALOCYANIN|MW=18961.0Da      110     124     PS00196|COPPER_BLUE     .       .       (0)     Gt.YeYVCt.P.HaslgM

A0A0U5CUQ0|HALOCYANIN|MW=16409.0Da      140     154     PS00196|COPPER_BLUE     .       .       (0)     Ge.YtYVCv.P.HvgsdM

A0A0U5CWJ0|HALOCYANIN|MW=22822.0Da      141     155     PS00196|COPPER_BLUE     .       .       (0)     Ge.YdYVCt.P.HagagM

A0A0U5H0I0|HALOCYANIN|MW=15489.0Da      127     141     PS00196|COPPER_BLUE     .       .       (0)     GdhY.YVCi.P.HegagM

A0A0U5H3X7|HALOCYANIN|MW=14642.0Da      116     130     PS00196|COPPER_BLUE     .       .       (0)     Gr.YeYVCt.P.HqtqgM

A0A0U5H7D9|HALOCYANIN|MW=26017.0Da      98      112     PS00196|COPPER_BLUE     .       .       (0)     Gt.YdYYCi.P.HktvgM

A0A0U5H7H1|HALOCYANIN|MW=34551.0Da      264     278     PS00196|COPPER_BLUE     .       .       (0)     Gv.SkYYCn.P.HrtmgM

A0A0U5HZA0|HALOCYANIN|MW=19270.0Da      131     145     PS00196|COPPER_BLUE     .       .       (0)     Gt.YdYFCi.P.HkslgM

A0A0W1R8V9|HALOCYANIN|MW=21046.0Da      128     143     PS00196|COPPER_BLUE     .       .       (0)     GgiSeYQCe.P.HaglgM

A0A0W1R9A7|HALOCYANIN|MW=15572.0Da      116     130     PS00196|COPPER_BLUE     .       .       (0)     Gr.YeYVCi.P.HersgM

A0A161XL13|HALOCYANIN|MW=15709.0Da      122     136     PS00196|COPPER_BLUE     .       .       (0)     Ge.YpYLCi.P.HesrgM

A0A161XMI5|HALOCYANIN|MW=23915.0Da      109     123     PS00196|COPPER_BLUE     .       .       (0)     Gt.YdYYCi.P.HktlgM

A0A166RVT9|HALOCYANIN|MW=24428.0Da      125     139     PS00196|COPPER_BLUE     .       .       (0)     Gt.YdYYCi.P.HktlgM

A0A166TYR7|HALOCYANIN|MW=18637.0Da      123     137     PS00196|COPPER_BLUE     .       .       (0)     Gt.YdYFCi.P.HkslgM

A0A1G9QTQ9|PLASTOCYANIN|MW=19536.0Da    109     123     PS00196|COPPER_BLUE     .       .       (0)     Gt.YeYYCq.P.HesagM

A0A1G9R5Y5|PLASTOCYANIN|MW=14708.0Da    116     130     PS00196|COPPER_BLUE     .       .       (0)     Gr.YeYVCi.P.HeqggM

A0A1G9T0T6|PLASTOCYANIN|MW=21355.0Da    129     143     PS00196|COPPER_BLUE     .       .       (0)     Gt.YeYQCd.P.HaglgM

A0A1G9TUG1|PLASTOCYANIN|MW=11915.0Da    86      100     PS00196|COPPER_BLUE     .       .       (0)     Gt.YeYYCa.P.HrqqgM

A0A1G9TUL4|PLASTOCYANIN|MW=15515.0Da    133     148     PS00196|COPPER_BLUE     .       .       (0)     AgtYrYYCd.P.HrgagM

A0A1G9Y3K7|PLASTOCYANIN|MW=84329.0Da    803     817     PS00196|COPPER_BLUE     .       .       (0)     GehA.YVCi.P.HeaagM

A0A1G9YN40|PLASTOCYANIN|MW=16299.0Da    142     156     PS00196|COPPER_BLUE     .       .       (0)     Gt.YeYYCs.P.HesvgM

A0A1G9Z631|PLASTOCYANIN|MW=31193.0Da    148     162     PS00196|COPPER_BLUE     .       .       (0)     Ge.YrFHCe.P.HrslgM
A0A1G9Z631|PLASTOCYANIN|MW=31193.0Da    267     281     PS00196|COPPER_BLUE     .       .       (0)     Gr.YeFYCe.P.HeaigM

A0A1H0XNM4|PLASTOCYANIN|MW=20105.0Da    124     138     PS00196|COPPER_BLUE     .       .       (0)     Gv.YdYFCt.P.HeyraM

A0A1H3CKM5|PLASTOCYANIN|MW=19329.0Da    114     128     PS00196|COPPER_BLUE     .       .       (0)     Gt.YeYYCq.P.HrtagM

A0A1H3CLM8|PLASTOCYANIN|MW=22117.0Da    136     150     PS00196|COPPER_BLUE     .       .       (0)     Gt.YeYYCe.P.HrtagM

A0A1H3HTL3|PLASTOCYANIN|MW=15768.0Da    129     143     PS00196|COPPER_BLUE     .       .       (0)     Gt.YeYFCi.P.HeqagM

A0A1H3VJK0|PLASTOCYANIN|MW=14384.0Da    114     128     PS00196|COPPER_BLUE     .       .       (0)     Gt.YgYFCi.P.HeragM

A0A1H3VJW3|PLASTOCYANIN|MW=84350.0Da    799     813     PS00196|COPPER_BLUE     .       .       (0)     GehA.YVCi.P.HeaagM

A0A1H3W8J9|PLASTOCYANIN|MW=16891.0Da    147     161     PS00196|COPPER_BLUE     .       .       (0)     Gt.YeYYCi.P.HemsgM

A0A1H3Y3A8|PLASTOCYANIN|MW=17730.0Da    152     166     PS00196|COPPER_BLUE     .       .       (0)     Ge.YtYVCv.P.HassgM

A0A1H3YAJ3|PLASTOCYANIN|MW=24359.0Da    125     139     PS00196|COPPER_BLUE     .       .       (0)     Gt.YdYYCi.P.HrtlgM

A0A1H4A852|PLASTOCYANIN|MW=19313.0Da    131     145     PS00196|COPPER_BLUE     .       .       (0)     Gt.YdYFCi.P.HktlgM

A0A1H4A9F9|PLASTOCYANIN|MW=15370.0Da    119     133     PS00196|COPPER_BLUE     .       .       (0)     Gt.YgYFCi.P.HegsgM

A0A1H6AT86|PLASTOCYANIN|MW=21078.0Da    126     140     PS00196|COPPER_BLUE     .       .       (0)     Gt.YeYFCi.P.HesvgM

A0A1H6I3Y9|PLASTOCYANIN|MW=15590.0Da    124     138     PS00196|COPPER_BLUE     .       .       (0)     Gr.YdYVCi.P.HeqagM

A0A1H6SMU1|PLASTOCYANIN|MW=14967.0Da    120     134     PS00196|COPPER_BLUE     .       .       (0)     Gd.YpYVCl.P.HetggM

A0A1I0N713|PLASTOCYANIN|MW=15644.0Da    131     146     PS00196|COPPER_BLUE     .       .       (0)     AgeYtYVCt.P.HaasgM

A0A1I0N7L9|PLASTOCYANIN|MW=15503.0Da    127     141     PS00196|COPPER_BLUE     .       .       (0)     GeyY.YFCi.P.HegggM

A0A1I0NI57|PLASTOCYANIN|MW=15945.0Da    123     137     PS00196|COPPER_BLUE     .       .       (0)     Gt.YeYYCi.P.HeraeM

A0A1I0NKQ5|PLASTOCYANIN|MW=25549.0Da    155     169     PS00196|COPPER_BLUE     .       .       (0)     Gv.YdYACt.P.HekegM

A0A1I0NKZ7|PLASTOCYANIN|MW=20050.0Da    120     134     PS00196|COPPER_BLUE     .       .       (0)     Ge.YnYVCd.P.HasvgM

A0A1I0PX58|PLASTOCYANIN|MW=43086.0Da    140     154     PS00196|COPPER_BLUE     .       .       (0)     Gt.YtYYCk.P.HltagM
A0A1I0PX58|PLASTOCYANIN|MW=43086.0Da    277     291     PS00196|COPPER_BLUE     .       .       (0)     Gv.YtYYCk.P.HltagM

A0A1I0QRQ9|PLASTOCYANIN|MW=15182.0Da    123     137     PS00196|COPPER_BLUE     .       .       (0)     Gv.YeYVCt.P.HasygM

A0A1I6K685|PLASTOCYANIN|MW=24727.0Da    182     196     PS00196|COPPER_BLUE     .       .       (0)     Gv.YdYYCe.P.HrangM

A0A1I6KBM3|PLASTOCYANIN|MW=15506.0Da    132     146     PS00196|COPPER_BLUE     .       .       (0)     Gt.YdYVCv.P.HvtsgM

A0A1I6LU65|PLASTOCYANIN|MW=20291.0Da    139     153     PS00196|COPPER_BLUE     .       .       (0)     Gt.YdYYCi.P.HksleM

A0A1M5JPV5|PLASTOCYANIN|MW=74357.0Da    153     167     PS00196|COPPER_BLUE     .       .       (0)     Gv.YnYYCt.P.HqsfgM

A0A1M5KFP8|PLASTOCYANIN|MW=19339.0Da    114     128     PS00196|COPPER_BLUE     .       .       (0)     Gv.YeYYCe.P.HqslgM

A0A1M5S1Z7|PLASTOCYANIN|MW=14881.0Da    117     131     PS00196|COPPER_BLUE     .       .       (0)     Gd.YtYFCi.P.HeqagM

A0A1N6VM35|PLASTOCYANIN|MW=19424.0Da    117     131     PS00196|COPPER_BLUE     .       .       (0)     Gt.YeYFCi.P.HesagM

A0A1N6XBX9|PLASTOCYANIN|MW=22803.0Da    149     163     PS00196|COPPER_BLUE     .       .       (0)     Gs.YeYVCi.P.HetagM

A0A1N6YFG1|PLASTOCYANIN|MW=14839.0Da    118     132     PS00196|COPPER_BLUE     .       .       (0)     GeyA.YFCi.P.HetggM

A0A1N6ZWN6|PLASTOCYANIN|MW=28884.0Da    129     143     PS00196|COPPER_BLUE     .       .       (0)     Ge.YeYYCq.P.HqsvgM

A0A1N7F0Y2|PLASTOCYANIN|MW=18206.0Da    113     127     PS00196|COPPER_BLUE     .       .       (0)     Gt.YdYYCi.P.HktmgM

A0A1Q1FFX6|HALOCYANIN|MW=23858.0Da      169     183     PS00196|COPPER_BLUE     .       .       (0)     Gi.YkYYCv.P.HegqgM

A0A1Q1FLZ3|HALOCYANIN|MW=22091.0Da      133     148     PS00196|COPPER_BLUE     .       .       (0)     GgiYnYHCv.P.HegmgM

A0A1U7ETA1|HALOCYANIN|MW=23341.0Da      132     146     PS00196|COPPER_BLUE     .       .       (0)     Gi.SkYVCv.P.HiangM

A0A1U7EUD4|HALOCYANIN|MW=16069.0Da      132     146     PS00196|COPPER_BLUE     .       .       (0)     Gi.AlYVCt.P.HraqsM

A0A1U7EXX7|HALOCYANIN|MW=17227.0Da      144     158     PS00196|COPPER_BLUE     .       .       (0)     Gv.AlYVCt.P.HraqgM

A0A1U7EYW8|HALOCYANIN|MW=40047.0Da      364     378     PS00196|COPPER_BLUE     .       .       (0)     Gv.YeYRCe.P.HrlsmQ

A0A218NNX3|SULFOCYANIN|MW=25493.0Da     221     237     PS00196|COPPER_BLUE     .       .       (0)     GnyY.YICliPgHaqmgM

A0A218ZVI5|RUSTICYANIN|MW=21082.0Da     170     186     PS00196|COPPER_BLUE     .       .       (0)     Gt.YwYLCnyPgHaengM

A0A238WQT1|PLASTOCYANIN|MW=14978.0Da    116     130     PS00196|COPPER_BLUE     .       .       (0)     Gr.YdYVCi.P.HedggM

A0A256H6A8|HALOCYANIN|MW=18282.0Da      162     176     PS00196|COPPER_BLUE     .       .       (0)     GvhA.YVCt.P.HeavgM

A0A256ICF0|HALOCYANIN|MW=14707.0Da      116     130     PS00196|COPPER_BLUE     .       .       (0)     Gr.YdYVCi.P.HetggM

A0A256JZG7|HALOCYANIN|MW=14768.0Da      118     133     PS00196|COPPER_BLUE     .       .       (0)     AgrYdYVCi.P.HeaggM

A0A256KMS4|HALOCYANIN|MW=14908.0Da      119     133     PS00196|COPPER_BLUE     .       .       (0)     Ga.YeYVCi.P.HreggM

A0A285MZ80|PLASTOCYANIN|MW=21193.0Da    130     144     PS00196|COPPER_BLUE     .       .       (0)     Gt.YeYVCq.P.HaasgM

A0A285N2W4|PLASTOCYANIN|MW=25366.0Da    97      111     PS00196|COPPER_BLUE     .       .       (0)     Gt.YdYYCi.P.HksvgM

A0A285N459|PLASTOCYANIN|MW=18496.0Da    156     170     PS00196|COPPER_BLUE     .       .       (0)     Gt.YeYVCe.P.HesqgM

A0A285N475|PLASTOCYANIN|MW=16116.0Da    135     150     PS00196|COPPER_BLUE     .       .       (0)     AgtYeYVCe.P.HesagM

A0A285N7E3|PLASTOCYANIN|MW=25274.0Da    171     185     PS00196|COPPER_BLUE     .       .       (0)     Gt.YeFHCd.P.HqqlgM

A0A285NBV9|PLASTOCYANIN|MW=62300.0Da    457     471     PS00196|COPPER_BLUE     .       .       (0)     Gv.YeYACa.P.HeaigM

A0A285NU58|PLASTOCYANIN|MW=18489.0Da    149     163     PS00196|COPPER_BLUE     .       .       (0)     Gt.YeYVCe.P.HegagM

A0A285NWT2|PLASTOCYANIN|MW=15088.0Da    119     133     PS00196|COPPER_BLUE     .       .       (0)     Ge.YgYYCi.P.HvpqgM

A0A2H5UW53|AMICYANIN|MW=21983.0Da       179     191     PS00196|COPPER_BLUE     .       .       (0)     Ge.YpYHCt.P.Hpw..M

A0A2H5V389|AMICYANIN|MW=24065.0Da       180     192     PS00196|COPPER_BLUE     .       .       (0)     Gt.YqYFCi.P.Hpw..M

A0A2H5VCZ5|PLASTOCYANIN|MW=18836.0Da    142     155     PS00196|COPPER_BLUE     .       .       (0)     Ge.YpYHCi.P.Hpwm.Q

A0A2H5VFF5|PLASTOCYANIN|MW=16371.0Da    123     136     PS00196|COPPER_BLUE     .       .       (0)     AgeYkYYCv.P.Hpw..M

A0A2I8VHR4|HALOCYANIN|MW=15297.0Da      125     139     PS00196|COPPER_BLUE     .       .       (0)     Gr.YdYVCl.P.HepggM

A0A2R4X0Y7|HALOCYANIN|MW=23805.0Da      119     133     PS00196|COPPER_BLUE     .       .       (0)     Gt.YdYYCi.P.HkglgM

A0A2Z2HPV1|HALOCYANIN|MW=16240.0Da      128     142     PS00196|COPPER_BLUE     .       .       (0)     Ge.YvYICe.P.HvhggM

A0A343TFV0|HALOCYANIN|MW=16038.0Da      130     144     PS00196|COPPER_BLUE     .       .       (0)     Gt.YlYVCt.P.HeavgM

A0A343TJF0|PLASTOCYANIN|MW=24653.0Da    152     166     PS00196|COPPER_BLUE     .       .       (0)     Gv.YdYFCg.P.HyedeM

A0A343TKF9|HALOCYANIN|MW=13640.0Da      104     118     PS00196|COPPER_BLUE     .       .       (0)     Gv.YkYVCt.P.HrtsgM

A0A343TME0|HALOCYANIN|MW=15034.0Da      115     129     PS00196|COPPER_BLUE     .       .       (0)     Ge.YgYVCv.P.HetggM

A0A365T6E6|HALOCYANIN|MW=19369.0Da      122     136     PS00196|COPPER_BLUE     .       .       (0)     Gt.YdYYCt.P.HkplgM

A0A365T9I3|HALOCYANIN|MW=19324.0Da      116     130     PS00196|COPPER_BLUE     .       .       (0)     Gs.YeYYCs.P.HkamgM

A0A365T9K1|HALOCYANIN|MW=22863.0Da      149     163     PS00196|COPPER_BLUE     .       .       (0)     Gs.YeYYCn.P.HkavgM

A0A365TAT7|PLASTOCYANIN|MW=19559.0Da    119     133     PS00196|COPPER_BLUE     .       .       (0)     Ge.YeYFCi.P.HetagM

A0A365TCL5|HALOCYANIN|MW=19715.0Da      143     157     PS00196|COPPER_BLUE     .       .       (0)     Gt.YdYFCl.P.HktlgM

A0A365TH01|HALOCYANIN|MW=15325.0Da      122     136     PS00196|COPPER_BLUE     .       .       (0)     GtyA.YFCv.P.HepsgM

A0A3A6PW95|HALOCYANIN|MW=15185.0Da      119     133     PS00196|COPPER_BLUE     .       .       (0)     GeyS.YVCi.P.HetssM

A0A3M9VU84|HALOCYANIN|MW=18015.0Da      155     168     PS00196|COPPER_BLUE     .       .       (0)     Ge.YeYHCd.P.Hegv.M

A0A3M9VVN3|HALOCYANIN|MW=20191.0Da      127     141     PS00196|COPPER_BLUE     .       .       (0)     Gt.YeYVCt.P.HesvgM

A0A3N6LSF1|HALOCYANIN|MW=15563.0Da      123     137     PS00196|COPPER_BLUE     .       .       (0)     Ge.YgYFCe.P.HikggM

A0A3N6M3X5|HALOCYANIN|MW=15763.0Da      123     137     PS00196|COPPER_BLUE     .       .       (0)     Gr.YdYICe.P.HvkggM

A0A3P3RAR2|PLASTOCYANIN|MW=13743.0Da    109     124     PS00196|COPPER_BLUE     .       .       (0)     AgtYtYVCv.P.HinvgM

A0A3P3RGF4|HALOCYANIN|MW=15378.0Da      120     133     PS00196|COPPER_BLUE     .       .       (0)     GtyS.YFCi.P.Hekv.M

A0A484I8U1|AMICYANIN|MW=18148.0Da       141     153     PS00196|COPPER_BLUE     .       .       (0)     GeyA.YHCe.P.Hpw..M

A0A498G9K3|PLASTOCYANIN|MW=20778.0Da    126     140     PS00196|COPPER_BLUE     .       .       (0)     Gt.YdYFCv.P.HesvgM

A0A498GBM1|HALOCYANIN|MW=19039.0Da      112     126     PS00196|COPPER_BLUE     .       .       (0)     Ga.YeYYCv.P.HqsagM

A0A498GGC0|HALOCYANIN|MW=15535.0Da      125     139     PS00196|COPPER_BLUE     .       .       (0)     Ge.YlYFCi.P.HeqagM

A0A498GH77|HALOCYANIN|MW=22403.0Da      141     155     PS00196|COPPER_BLUE     .       .       (0)     Gt.YeYYCe.P.HrtagM

A0A4D6H7H6|HALOCYANIN|MW=22438.0Da      133     148     PS00196|COPPER_BLUE     .       .       (0)     GgiYtYYCg.P.HegqgM

A0A4D6H8Q4|HALOCYANIN|MW=14493.0Da      113     127     PS00196|COPPER_BLUE     .       .       (0)     Gt.YdYFCi.P.HesggM

A0A4D6HEE4|HALOCYANIN|MW=21969.0Da      137     152     PS00196|COPPER_BLUE     .       .       (0)     GgiYtYYCg.P.HegqgM

A0A4D6HFD8|HALOCYANIN|MW=14834.0Da      122     137     PS00196|COPPER_BLUE     .       .       (0)     AgeYtYVCg.P.HvnqdM

A0A4S3TI96|HALOCYANIN|MW=15781.0Da      123     138     PS00196|COPPER_BLUE     .       .       (0)     AgtYdYICe.P.HvtggM

A0A4U5JAL3|HALOCYANIN|MW=14593.0Da      114     129     PS00196|COPPER_BLUE     .       .       (0)     AgrYeYFCi.P.HeskdM

A0A4U5JGI8|PLASTOCYANIN|MW=13023.0Da    101     115     PS00196|COPPER_BLUE     .       .       (0)     Gt.YqYFCl.P.HeengM

A0A4U7F6K7|HALOCYANIN|MW=14932.0Da      119     134     PS00196|COPPER_BLUE     .       .       (0)     AgrYdYVCv.P.HetggM

A0A518S9N4|HALOCYANIN|MW=24375.0Da      124     138     PS00196|COPPER_BLUE     .       .       (0)     Gt.YdYYCi.P.HktlgM

A0A518SD41|HALOCYANIN|MW=16933.0Da      139     153     PS00196|COPPER_BLUE     .       .       (0)     Gw.YhYYCi.P.HlpagM

A0A554MX44|HALOCYANIN|MW=14328.0Da      116     130     PS00196|COPPER_BLUE     .       .       (0)     Ge.YrYYCi.P.HeaagM

A0A554NC75|HALOCYANIN|MW=19102.0Da      161     176     PS00196|COPPER_BLUE     .       .       (0)     AgdYeYKCq.P.HqsagM

A0A554NF52|HALOCYANIN|MW=19464.0Da      106     119     PS00196|COPPER_BLUE     .       .       (0)     Gt.YeYQCf.P.Haps.M

A0A554NF63|HALOCYANIN|MW=19161.0Da      114     127     PS00196|COPPER_BLUE     .       .       (0)     Gq.YeYVCf.P.Hspg.M

A0A650A695|HALOCYANIN|MW=14853.0Da      115     129     PS00196|COPPER_BLUE     .       .       (0)     Gt.YpYVCl.P.HeadgM

A0A6A9SXZ4|HALOCYANIN|MW=19487.0Da      166     181     PS00196|COPPER_BLUE     .       .       (0)     AgeYsYYCn.P.HrsagM

A0A6A9T160|HALOCYANIN|MW=13873.0Da      110     124     PS00196|COPPER_BLUE     .       .       (0)     Gv.YeYVCi.P.HerggM

A0A6A9TBE6|HALOCYANIN|MW=14547.0Da      119     133     PS00196|COPPER_BLUE     .       .       (0)     AgeYtYVCg.P.Hatn.M

A0A6A9TLN4|HALOCYANIN|MW=15568.0Da      124     138     PS00196|COPPER_BLUE     .       .       (0)     Gr.YdYVCi.P.HetggM

A0A6B0SP81|HALOCYANIN|MW=15391.0Da      126     140     PS00196|COPPER_BLUE     .       .       (0)     GdyY.YVCi.P.HedagM

A0A6B0SSC4|HALOCYANIN|MW=16193.0Da      136     151     PS00196|COPPER_BLUE     .       .       (0)     AgeYtYVCv.P.HvasdM

A0A6B0SVQ5|PLASTOCYANIN|MW=20305.0Da    117     131     PS00196|COPPER_BLUE     .       .       (0)     Gt.YdYFCi.P.HesvgM

A0A6B0T9I0|HALOCYANIN|MW=16214.0Da      118     132     PS00196|COPPER_BLUE     .       .       (0)     Gr.YdYVCi.P.HlrqdM

A0A6B0VRK4|HALOCYANIN|MW=15702.0Da      123     137     PS00196|COPPER_BLUE     .       .       (0)     Gr.YdYICe.P.HvkggM

A0A6G2FYY6|HALOCYANIN|MW=21858.0Da      137     151     PS00196|COPPER_BLUE     .       .       (0)     GeyA.FHCt.P.HqsagM

A0A6G2G1I5|HALOCYANIN|MW=16233.0Da      123     137     PS00196|COPPER_BLUE     .       .       (0)     Ge.YqYLCv.P.HepqgM

A0A6G3ZHT8|HALOCYANIN|MW=22304.0Da      137     151     PS00196|COPPER_BLUE     .       .       (0)     Gt.YeYFCq.P.HktagM

A0A6G3ZKD4|HALOCYANIN|MW=15593.0Da      124     138     PS00196|COPPER_BLUE     .       .       (0)     Ge.YhYFCi.P.HeptgM

A0A6G3ZKT2|HALOCYANIN|MW=20432.0Da      145     159     PS00196|COPPER_BLUE     .       .       (0)     Gt.YdYFCi.P.HkalgM

A0A6G8T2M7|HALOCYANIN|MW=18068.0Da      151     166     PS00196|COPPER_BLUE     .       .       (0)     AgeYeYYCa.P.HrsvgM

A0A6G8T801|PLASTOCYANIN|MW=23069.0Da    156     170     PS00196|COPPER_BLUE     .       .       (0)     Ge.YgYFCi.P.HegagM

A0A6G8T9X3|HALOCYANIN|MW=15648.0Da      116     130     PS00196|COPPER_BLUE     .       .       (0)     Ge.YpYFCi.P.HerggM

A0A7D4Y2T5|HALOCYANIN|MW=15702.0Da      117     131     PS00196|COPPER_BLUE     .       .       (0)     Ge.YeYFCi.P.HesggM

A0A7D4Y526|HALOCYANIN|MW=20536.0Da      120     134     PS00196|COPPER_BLUE     .       .       (0)     Gt.YeYVCt.P.HesagM

A0A7D4Y9D1|HALOCYANIN|MW=23463.0Da      164     178     PS00196|COPPER_BLUE     .       .       (0)     Gt.YdYVCt.P.HesagM

A0A7D4YK34|HALOCYANIN|MW=13748.0Da      76      90      PS00196|COPPER_BLUE     .       .       (0)     Gt.YdYFCi.P.HkslgM

A0A7D5C5J3|HALOCYANIN|MW=19798.0Da      136     150     PS00196|COPPER_BLUE     .       .       (0)     Gt.YdYFCt.P.HkslgM

A0A7D5E1G4|HALOCYANIN|MW=18686.0Da      156     170     PS00196|COPPER_BLUE     .       .       (0)     Gw.YhYFCi.P.HlpagM

A0A7D5E2B8|HALOCYANIN|MW=24413.0Da      122     137     PS00196|COPPER_BLUE     .       .       (0)     AgtYdYYCi.P.HktlgM

A0A7D5GAK7|HALOCYANIN|MW=14732.0Da      115     129     PS00196|COPPER_BLUE     .       .       (0)     GeyS.YFCi.P.HekggM

A0A7D5GN09|PLASTOCYANIN|MW=15622.0Da    128     142     PS00196|COPPER_BLUE     .       .       (0)     Ge.YvYVCi.P.HvgqgM

A0A7D5GZA6|HALOCYANIN|MW=21919.0Da      153     167     PS00196|COPPER_BLUE     .       .       (0)     Gt.YeYHCd.P.HesqgM

A0A7D5KDP5|HALOCYANIN|MW=21784.0Da      132     147     PS00196|COPPER_BLUE     .       .       (0)     GgiYkYYCe.P.HrqsgM

A0A7D5KLA1|PLASTOCYANIN|MW=16964.0Da    136     150     PS00196|COPPER_BLUE     .       .       (0)     Ge.YvYVCt.P.HegqgM

A0A7D5L346|HALOCYANIN|MW=16017.0Da      123     137     PS00196|COPPER_BLUE     .       .       (0)     Gt.YeYFCi.P.HeranM

A0A7D5LBF6|HALOCYANIN|MW=24656.0Da      219     233     PS00196|COPPER_BLUE     .       .       (0)     Ge.YvYVCe.P.HedqgM

A0A7D5LC00|HALOCYANIN|MW=21716.0Da      129     144     PS00196|COPPER_BLUE     .       .       (0)     GgiYkYYCe.P.HqqqgM

A0A7D5LCH8|HALOCYANIN|MW=14572.0Da      114     129     PS00196|COPPER_BLUE     .       .       (0)     AgeYsYLCi.P.HeragM

A0A7D5QGH2|HALOCYANIN|MW=17799.0Da      105     120     PS00196|COPPER_BLUE     .       .       (0)     AgtYdYFCi.P.HkslgM

A0A7D5QJL4|HALOCYANIN|MW=22277.0Da      148     162     PS00196|COPPER_BLUE     .       .       (0)     Gt.YdYYCd.P.HqqqgM

A0A7J9SFQ3|HALOCYANIN|MW=18884.0Da      109     123     PS00196|COPPER_BLUE     .       .       (0)     Gt.YeYYCa.P.HqsagM

A0A7J9SFU4|HALOCYANIN|MW=20038.0Da      113     127     PS00196|COPPER_BLUE     .       .       (0)     Gt.YeYYCd.P.HqtagM

A0A7J9SHU3|HALOCYANIN|MW=15374.0Da      128     142     PS00196|COPPER_BLUE     .       .       (0)     Ge.YeYFCi.P.HeasgM

D4GUU2|HALOCYANIN|MW=18672.0Da  166     181     PS00196|COPPER_BLUE     .       .       (0)     AgtYtYACt.P.HetvgM

D4GV20|HALOCYANIN|MW=23245.0Da  130     144     PS00196|COPPER_BLUE     .       .       (0)     Gt.YdYFCs.P.HkqlgM

D4GV83|HALOCYANIN|MW=37734.0Da  135     149     PS00196|COPPER_BLUE     .       .       (0)     Gv.YtYVCt.P.HktlgM
D4GV83|HALOCYANIN|MW=37734.0Da  286     301     PS00196|COPPER_BLUE     .       .       (0)     AgtYtYACt.P.HktlgM

D4GW60|HALOCYANIN|MW=17791.0Da  152     166     PS00196|COPPER_BLUE     .       .       (0)     Ge.YkYVCv.P.HetlgM

D4GWA4|HALOCYANIN|MW=15361.0Da  126     140     PS00196|COPPER_BLUE     .       .       (0)     Ge.YeYLCi.P.HeqagM

E4NLD0|PLASTOCYANIN|MW=24000.0Da        168     182     PS00196|COPPER_BLUE     .       .       (0)     Gv.YhYYCt.P.HesmgM

E4NPJ1|PLASTOCYANIN|MW=15453.0Da        123     137     PS00196|COPPER_BLUE     .       .       (0)     Ge.YqYLCi.P.HeaqgM

E4NQ51|PLASTOCYANIN|MW=15191.0Da        121     135     PS00196|COPPER_BLUE     .       .       (0)     Ge.YhYWCe.P.HksvgM

E4NQY6|PLASTOCYANIN|MW=22411.0Da        143     157     PS00196|COPPER_BLUE     .       .       (0)     GeyS.YFCq.P.HksagM

E4NRB0|PLASTOCYANIN|MW=22484.0Da        153     167     PS00196|COPPER_BLUE     .       .       (0)     Ge.YeYFCq.P.HksagM

E4NT81|PLASTOCYANIN|MW=74821.0Da        149     163     PS00196|COPPER_BLUE     .       .       (0)     Gv.YnYYCt.P.HeglgM

E4NU59|PLASTOCYANIN|MW=18245.0Da        150     164     PS00196|COPPER_BLUE     .       .       (0)     Gt.YkYYCv.P.HemnaM

L0JWK7|PLASTOCYANIN|MW=15970.0Da        126     140     PS00196|COPPER_BLUE     .       .       (0)     Gt.YtYICe.P.HvkggM

L0JXD5|PLASTOCYANIN|MW=31649.0Da        276     289     PS00196|COPPER_BLUE     .       .       (0)     GtqA.YYCs.P.Hagf.M

M0CQR7|PLASTOCYANIN|MW=15534.0Da        132     146     PS00196|COPPER_BLUE     .       .       (0)     AgeYeYFCv.P.Hesg.M

M0CUI0|PLASTOCYANIN|MW=16715.0Da        124     138     PS00196|COPPER_BLUE     .       .       (0)     Ge.YrYFCv.P.HesqgM

M0CVK6|PLASTOCYANIN|MW=21405.0Da        144     158     PS00196|COPPER_BLUE     .       .       (0)     Gt.YeYHCq.P.HksagM

M0CZ17|HALOCYANIN|MW=17066.0Da  142     156     PS00196|COPPER_BLUE     .       .       (0)     Gv.AkYACl.P.HrslgM

M0D6W7|PLASTOCYANIN|MW=33927.0Da        129     143     PS00196|COPPER_BLUE     .       .       (0)     GvvS.YACa.P.HsamgM

M0LX84|HALOCYANIN|MW=23415.0Da  117     131     PS00196|COPPER_BLUE     .       .       (0)     Gt.YdYYCt.P.HkslgM

M0M3A3|HALOCYANIN|MW=18431.0Da  111     125     PS00196|COPPER_BLUE     .       .       (0)     GehS.YVCd.P.HesagM

M0MK99|HALOCYANIN|MW=9187.0Da   65      79      PS00196|COPPER_BLUE     .       .       (0)     Gt.YkYYCt.P.HramgM

M0ML40|PLASTOCYANIN|MW=34454.0Da        127     141     PS00196|COPPER_BLUE     .       .       (0)     Gm.YrYYCa.P.HkamgM

M1XYS1|HALOCYANIN|MW=23968.0Da  131     145     PS00196|COPPER_BLUE     .       .       (0)     Gi.SkYVCt.P.HasvgM

Q18HQ8|HALOCYANIN|MW=16680.0Da  134     148     PS00196|COPPER_BLUE     .       .       (0)     Gt.YeYLCi.P.HeqqgM

Q18JW9|HALOCYANIN|MW=18152.0Da  105     119     PS00196|COPPER_BLUE     .       .       (0)     Ga.YeYFCq.P.HktagM

Q18JX8|HALOCYANIN|MW=23359.0Da  148     162     PS00196|COPPER_BLUE     .       .       (0)     Gt.YeYFCq.P.HktagM

Q5V2E6|HALOCYANIN-LIKE  237     251     PS00196|COPPER_BLUE     .       .       (0)     Gv.YnYYCt.P.HkalgM

Q9HN93|HALOCYANIN-LIKE|MW=29427.0Da     140     154     PS00196|COPPER_BLUE     .       .       (0)     Gv.YtYYCn.P.HltmgM

Q9HR99|HALOCYANIN-LIKE|MW=15992.0Da     134     149     PS00196|COPPER_BLUE     .       .       (0)     AgeYtYVCm.P.HvasgM

R4W3Q4|PLASTOCYANIN|MW=20286.0Da        121     135     PS00196|COPPER_BLUE     .       .       (0)     Ge.YgYFCi.P.HeangM

R4W7Q1|PLASTOCYANIN|MW=18119.0Da        109     123     PS00196|COPPER_BLUE     .       .       (0)     Gt.YeYYCe.P.HlsagM

R4W8A6|PLASTOCYANIN|MW=14646.0Da        121     136     PS00196|COPPER_BLUE     .       .       (0)     AgsYeYFCi.P.HegsgM

R4WAB5|PLASTOCYANIN|MW=13010.0Da        95      109     PS00196|COPPER_BLUE     .       .       (0)     Gr.YdYFCi.P.HesesM

U1NK59|PLASTOCYANIN|MW=14756.0Da        116     130     PS00196|COPPER_BLUE     .       .       (0)     GtyS.YACv.P.HetagM

U1NL79|PLASTOCYANIN|MW=19853.0Da        159     173     PS00196|COPPER_BLUE     .       .       (0)     Gt.YgYVCi.P.HeasnM

U1NPP6|PLASTOCYANIN|MW=21997.0Da        131     145     PS00196|COPPER_BLUE     .       .       (0)     Gt.YdYYCe.P.HrtagM

U1PCE1|PLASTOCYANIN|MW=15244.0Da        119     133     PS00196|COPPER_BLUE     .       .       (0)     Ge.YgYVCi.P.HetssM

U1PRX2|PLASTOCYANIN|MW=10565.0Da        21      36      PS00196|COPPER_BLUE     .       .       (0)     AgvYnYFCq.P.HkslgM

U1PZL4|PLASTOCYANIN|MW=19363.0Da        112     126     PS00196|COPPER_BLUE     .       .       (0)     Gt.YeYYCa.P.HqtagM

U1QD79|PLASTOCYANIN|MW=20381.0Da        129     143     PS00196|COPPER_BLUE     .       .       (0)     GitA.YQCn.P.HksigM

U1R0M8|PLASTOCYANIN|MW=15184.0Da        71      85      PS00196|COPPER_BLUE     .       .       (0)     Gv.YkYFCq.P.HkglgM

U2YUB7|HALOCYANIN|MW=15196.0Da  114     128     PS00196|COPPER_BLUE     .       .       (0)     Gr.YhFVCe.P.HvnlgM

U2YXJ0|HALOCYANIN|MW=21800.0Da  104     118     PS00196|COPPER_BLUE     .       .       (0)     Gt.YdYYCi.P.HktlgM

U3AE00|HALOCYANIN|MW=18836.0Da  156     170     PS00196|COPPER_BLUE     .       .       (0)     Gw.YhYYCi.P.HlpagM

V4GP50|PLASTOCYANIN|MW=14433.0Da        114     128     PS00196|COPPER_BLUE     .       .       (0)     Gt.YtYLCi.P.HeqagM

V4GTH8|PLASTOCYANIN|MW=22475.0Da        143     157     PS00196|COPPER_BLUE     .       .       (0)     Gt.YeYHCv.P.HealgM

V4XRH1|PLASTOCYANIN|MW=14580.0Da        112     127     PS00196|COPPER_BLUE     .       .       (0)     AgrYeYVCi.P.HetggM

V4YGK3|PLASTOCYANIN|MW=14828.0Da        116     130     PS00196|COPPER_BLUE     .       .       (0)     GtyS.YACv.P.HetagM

W0JPI3|HALOCYANIN|MW=16017.0Da  124     139     PS00196|COPPER_BLUE     .       .       (0)     AgtYsYACl.P.HeeggM

W0JVQ7|HALOCYANIN|MW=17867.0Da  157     171     PS00196|COPPER_BLUE     .       .       (0)     Ge.YtYICv.P.HvasgM

W0JYB5|HALOCYANIN|MW=15629.0Da  127     141     PS00196|COPPER_BLUE     .       .       (0)     GdyY.YVCi.P.HeaagM

W0K2U4|HALOCYANIN|MW=35026.0Da  130     144     PS00196|COPPER_BLUE     .       .       (0)     Gv.SkYYCv.P.HetmgM
W0K2U4|HALOCYANIN|MW=35026.0Da  265     279     PS00196|COPPER_BLUE     .       .       (0)     Gv.SkYYCv.P.HeqmgM

W0K2X6|HALOCYANIN|MW=42467.0Da  377     391     PS00196|COPPER_BLUE     .       .       (0)     Gv.YeYICq.P.HaalgM

W0K7H6|HALOCYANIN|MW=21370.0Da  98      112     PS00196|COPPER_BLUE     .       .       (0)     Gt.YdYYCi.P.HksvgM