DAC06757.1|COPPER-BIND  95      110     PS00196|COPPER_BLUE     .       .       (0)     AgtYeFVCe.P.HasagM

DAC12424.1|COPPER-BIND  93      107     PS00196|COPPER_BLUE     .       .       (0)     Gs.YeFVCe.P.HeqlgM

DAC13759.1|COPPER-BIND  112     126     PS00196|COPPER_BLUE     .       .       (0)     Gt.YeYICe.P.HeavgM

DAC22378.1|COPPER-BIND  83      98      PS00196|COPPER_BLUE     .       .       (0)     AgtYeFVCe.P.HasagM

DAC22615.1|COPPER-BIND  143     157     PS00196|COPPER_BLUE     .       .       (0)     GthS.FVCe.P.HasagM

DAC36755.1|COPPER-BIND  109     123     PS00196|COPPER_BLUE     .       .       (0)     Gt.YeYVCe.P.HedmgM

DAC40616.1|COPPER-BIND  109     123     PS00196|COPPER_BLUE     .       .       (0)     Gt.YeYVCe.P.HedmgM

DAC41782.1|COPPER-BIND  93      108     PS00196|COPPER_BLUE     .       .       (0)     AgtYnFFCe.P.HesvgM

DAC43457.1|COPPER-BIND  101     115     PS00196|COPPER_BLUE     .       .       (0)     Gt.YeFVCe.P.HeqlgM

DAC45759.1|COPPER-BIND  93      107     PS00196|COPPER_BLUE     .       .       (0)     GthS.FVCe.P.HasagM

DAC47358.1|COPPER-BIND  103     117     PS00196|COPPER_BLUE     .       .       (0)     Gt.YeYVCe.P.HedmgM

DAC48059.1|COPPER-BIND  96      110     PS00196|COPPER_BLUE     .       .       (0)     Gt.YdFVCe.P.HesmgM

DAC56131.1|COPPER-BIND  101     115     PS00196|COPPER_BLUE     .       .       (0)     Gt.YeFVCe.P.HasagM

DAC60392.1|COPPER-BIND  101     115     PS00196|COPPER_BLUE     .       .       (0)     Gt.YeFVCe.P.HasagM

DAC61639.1|MFS  117     131     PS00196|COPPER_BLUE     .       .       (0)     Gt.YqYVCe.P.HeslgM

DAC62600.1|COPPER-BIND  104     118     PS00196|COPPER_BLUE     .       .       (0)     Gt.YeFVCe.P.HeaanM

DAC68216.1|COPPER-BIND  96      110     PS00196|COPPER_BLUE     .       .       (0)     Gt.YeFVCe.P.HasmgM

DAC68687.1|COPPER-BIND  93      107     PS00196|COPPER_BLUE     .       .       (0)     Gs.YeFVCe.P.HeqlgM

MAD72956.1|COPPER-BIND  103     117     PS00196|COPPER_BLUE     .       .       (0)     Gt.YdFVCe.P.HesanM

MAE56684.1|UNCHARACTERIZED      499     513     PS00196|COPPER_BLUE     .       .       (0)     GtlY.YVCe.P.HammdM

MAE98045.1|COPPER-BIND  102     116     PS00196|COPPER_BLUE     .       .       (0)     Gt.YeYVCe.P.HedmgM

MAH09158.1|COPPER-BIND  93      108     PS00196|COPPER_BLUE     .       .       (0)     AgtYdFFCe.P.HqsvgM

MAH17105.1|UNCHARACTERIZED      494     508     PS00196|COPPER_BLUE     .       .       (0)     AtvY.YVCe.P.HadmgM

MAI09348.1|COPPER-BIND  159     174     PS00196|COPPER_BLUE     .       .       (0)     AgtYdFVCe.P.HesagM

MAJ01600.1|COPPER-BIND  99      113     PS00196|COPPER_BLUE     .       .       (0)     Gt.YdFVCe.P.HaalgM

MAK26051.1|MFS  99      113     PS00196|COPPER_BLUE     .       .       (0)     Gt.YqYVCe.P.HeevgM

MAK42018.1|COPPER-BIND  114     128     PS00196|COPPER_BLUE     .       .       (0)     Gt.YeYICe.P.HeavgM

MAK84212.1|COPPER-BIND  96      110     PS00196|COPPER_BLUE     .       .       (0)     Gt.YdFVCe.P.HasagM

MAL20723.1|COPPER-BIND  101     115     PS00196|COPPER_BLUE     .       .       (0)     Gt.YeFVCe.P.HasagM

MAM82577.1|COPPER-BIND  88      102     PS00196|COPPER_BLUE     .       .       (0)     Gt.YeFVCe.P.HeqlgM

MAN06923.1|COPPER-BIND  114     128     PS00196|COPPER_BLUE     .       .       (0)     Gt.YeYICe.P.HeavgM

MAN06960.1|COPPER-BIND  114     128     PS00196|COPPER_BLUE     .       .       (0)     Gt.YeYICe.P.HeavgM

MAO99645.1|DEHYDROGENASE|MW=68760.0DA   104     118     PS00196|COPPER_BLUE     .       .       (0)     GvlY.YICe.P.HaglqM

MAP58526.1|COPPER-BIND  123     137     PS00196|COPPER_BLUE     .       .       (0)     Gt.YeFVCe.P.HesvgM

MAP59203.1|COPPER-BIND  93      108     PS00196|COPPER_BLUE     .       .       (0)     AgsYnFFCe.P.HesvgM

MAP59318.1|UNCHARACTERIZED      1022    1034    PS00196|COPPER_BLUE     .       .       (0)     Gt.YtYHCq.P.Hps..M

MAP65169.1|COPPER-BIND  105     119     PS00196|COPPER_BLUE     .       .       (0)     Gt.YeFVCe.P.HesanM

MAQ04380.1|COPPER-BIND  92      106     PS00196|COPPER_BLUE     .       .       (0)     Gt.YtYVCe.P.HeslgM

MAQ57506.1|COPPER-BIND  98      112     PS00196|COPPER_BLUE     .       .       (0)     Gt.YeYVCe.P.HeefgM

MAR47400.1|MFS  103     117     PS00196|COPPER_BLUE     .       .       (0)     Gt.YqYVCe.P.HeafgM

MAR93870.1|COPPER-BIND  93      108     PS00196|COPPER_BLUE     .       .       (0)     AgdYnYFCe.P.HqavgM

MAS01252.1|COPPER-BIND  101     115     PS00196|COPPER_BLUE     .       .       (0)     Gt.YkYVCe.P.HeqmgM

MAS18297.1|COPPER-BIND  103     117     PS00196|COPPER_BLUE     .       .       (0)     Gt.YdFVCe.P.HesanM

MAS62305.1|COPPER-BIND  81      95      PS00196|COPPER_BLUE     .       .       (0)     Gi.YdFFCx.P.HedvgM

MAS81027.1|COPPER-BIND  94      108     PS00196|COPPER_BLUE     .       .       (0)     Gt.YqYVCe.P.HesvgM

MAT49313.1|COPPER-BIND  109     123     PS00196|COPPER_BLUE     .       .       (0)     Gt.YdFFCe.P.HedlgM

MAT85455.1|COPPER-BIND  112     126     PS00196|COPPER_BLUE     .       .       (0)     Gt.YeYICe.P.HeavgM

MAU73773.1|COPPER-BIND  93      108     PS00196|COPPER_BLUE     .       .       (0)     AgsYnYFCe.P.HqavgM

MAU99352.1|DEHYDROGENASE|MW=67801.0DA   100     114     PS00196|COPPER_BLUE     .       .       (0)     GilY.YICe.P.HaglqM

MAU99373.1|DEHYDROGENASE        105     119     PS00196|COPPER_BLUE     .       .       (0)     GtlY.YICe.P.HaglqM

MAV19731.1|COPPER-BIND  103     117     PS00196|COPPER_BLUE     .       .       (0)     Gt.YdFVCe.P.HesanM

MAV43673.1|COPPER-BIND  93      108     PS00196|COPPER_BLUE     .       .       (0)     AgvYnFFCe.P.HesvgM

MAV60384.1|COPPER-BIND  99      113     PS00196|COPPER_BLUE     .       .       (0)     Gt.YtYVCe.P.HeqmgM

MAV77474.1|COPPER-BIND  95      110     PS00196|COPPER_BLUE     .       .       (0)     AgtYeFVCe.P.HasagM

MAW22636.1|COPPER-BIND  100     115     PS00196|COPPER_BLUE     .       .       (0)     AgtYnFFCe.P.HesvgM

MAY04905.1|COPPER-BIND  93      108     PS00196|COPPER_BLUE     .       .       (0)     AgtYsFFCe.P.HeavgM

MAZ62574.1|COPPER-BIND  90      104     PS00196|COPPER_BLUE     .       .       (0)     Gt.YtYVCe.P.HeslgM

MBA40604.1|MFS  88      102     PS00196|COPPER_BLUE     .       .       (0)     Gt.YeYVCe.P.HedvgM

MBA60489.1|COPPER-BIND  1036    1050    PS00196|COPPER_BLUE     .       .       (0)     AtyY.YXCe.P.HatmgM

MBC65037.1|COPPER-BIND  103     117     PS00196|COPPER_BLUE     .       .       (0)     Gt.YdFVCe.P.HesanM

MBC88792.1|COPPER-BIND  95      109     PS00196|COPPER_BLUE     .       .       (0)     Gt.YeFVCe.P.HesagM

MBD19366.1|COPPER-BIND  95      109     PS00196|COPPER_BLUE     .       .       (0)     Gt.YeFVCe.P.HesagM

MBD38013.1|COPPER-BIND  100     115     PS00196|COPPER_BLUE     .       .       (0)     AgvYdYVCe.P.HasvgM

MBD39376.1|PLASTOCYANIN|MW=15839.0DA    87      101     PS00196|COPPER_BLUE     .       .       (0)     Gt.YdFVCe.P.HesagM

MBD42930.1|COPPER-BIND  96      110     PS00196|COPPER_BLUE     .       .       (0)     Gv.YeFYCe.P.HrdlgM

MBE28133.1|EF-HAND      1437    1451    PS00196|COPPER_BLUE     .       .       (0)     AtyY.YVCe.P.HatmgM

MBE39423.1|COPPER-BIND  93      107     PS00196|COPPER_BLUE     .       .       (0)     Gt.YeFVCe.P.HeqlgM

MBF14844.1|MFS  103     117     PS00196|COPPER_BLUE     .       .       (0)     Gt.YqYVCe.P.HeafgM

MBF26561.1|COPPER-BIND  103     117     PS00196|COPPER_BLUE     .       .       (0)     Gt.YeFVCe.P.HeeanM

MBF71072.1|COPPER-BIND  105     119     PS00196|COPPER_BLUE     .       .       (0)     Gt.YeFVCe.P.HesanM

MBH33314.1|COPPER-BIND  94      108     PS00196|COPPER_BLUE     .       .       (0)     Gt.YeFVCe.P.HeqlgM

MBI19120.1|COPPER-BIND  97      112     PS00196|COPPER_BLUE     .       .       (0)     AgeYdFFCe.P.HqsvgM

MBI31869.1|MFS  99      113     PS00196|COPPER_BLUE     .       .       (0)     Gt.YqYVCe.P.HeevgM

MBJ09114.1|COPPER-BIND  101     115     PS00196|COPPER_BLUE     .       .       (0)     Gt.YeFVCe.P.HeqlgM

MBJ23154.1|DEHYDROGENASE|MW=68997.0DA   107     121     PS00196|COPPER_BLUE     .       .       (0)     GvlY.YICe.P.HaglqM

MBJ23351.1|COPPER-BIND  94      108     PS00196|COPPER_BLUE     .       .       (0)     Gi.YdFYCe.P.HedvgM

MBJ60638.1|COPPER-BIND  116     130     PS00196|COPPER_BLUE     .       .       (0)     Gt.YeFVCe.P.HesvgM

MBJ63075.1|COPPER-BIND  127     141     PS00196|COPPER_BLUE     .       .       (0)     Gt.YeYVCe.P.HedlgM

MBJ63257.1|MFS  125     139     PS00196|COPPER_BLUE     .       .       (0)     Gt.YqYVCe.P.HaslgM

MBK38058.1|COPPER-BIND  103     117     PS00196|COPPER_BLUE     .       .       (0)     Gt.YeYVCe.P.HedmgM

MBK54845.1|COPPER-BIND  114     128     PS00196|COPPER_BLUE     .       .       (0)     Gt.YeYICe.P.HeavgM

MBK64605.1|COPPER-BIND  101     115     PS00196|COPPER_BLUE     .       .       (0)     Gt.YeYVCe.P.HeqmgM

MBK71641.1|COPPER-BIND  93      108     PS00196|COPPER_BLUE     .       .       (0)     AgiYdYFCe.P.HesvgM

MBL71615.1|COPPER-BIND  88      102     PS00196|COPPER_BLUE     .       .       (0)     Gt.YdFVCe.P.HesvgM

MBN30065.1|COPPER-BIND  101     115     PS00196|COPPER_BLUE     .       .       (0)     Gt.YeFVCe.P.HasagM

MBN64808.1|DEHYDROGENASE|MW=68808.0DA   104     118     PS00196|COPPER_BLUE     .       .       (0)     GvlY.YICe.P.HaglqM

MBO63779.1|COPPER-BIND  93      108     PS00196|COPPER_BLUE     .       .       (0)     AgtYsFFCe.P.HeavgM

MBO95976.1|COPPER-BIND  96      110     PS00196|COPPER_BLUE     .       .       (0)     Gt.YdFVCe.P.HasagM

MBP12762.1|COPPER-BIND  96      110     PS00196|COPPER_BLUE     .       .       (0)     Gt.YeYVCe.P.HedmgM

MBP72928.1|COPPER-BIND  96      110     PS00196|COPPER_BLUE     .       .       (0)     Gt.YeYVCe.P.HedmgM

MBQ40170.1|COPPER-BIND  101     115     PS00196|COPPER_BLUE     .       .       (0)     Gt.YeFVCe.P.HeqlgM

MBQ71031.1|COPPER-BIND  113     127     PS00196|COPPER_BLUE     .       .       (0)     Gt.YdFVCe.P.HaalgM

MBR50474.1|COPPER-BIND  85      99      PS00196|COPPER_BLUE     .       .       (0)     Gt.YeYVCe.P.HeelgM

MBR60603.1|COPPER-BIND  112     126     PS00196|COPPER_BLUE     .       .       (0)     Gt.YeYICe.P.HeavgM

MBR68908.1|COPPER-BIND  94      108     PS00196|COPPER_BLUE     .       .       (0)     Gt.YeFVCe.P.HesvgM

MBR95908.1|UNCHARACTERIZED      1022    1034    PS00196|COPPER_BLUE     .       .       (0)     Gt.YtYHCq.P.Hps..M

MBS72825.1|COPPER-BIND  94      108     PS00196|COPPER_BLUE     .       .       (0)     GtfS.YYCe.P.HrilgM

MBT04756.1|COPPER-BIND  94      108     PS00196|COPPER_BLUE     .       .       (0)     Gv.YnFFCe.P.HexvgM

MBT86068.1|COPPER-BIND  103     117     PS00196|COPPER_BLUE     .       .       (0)     Gt.YeYVCe.P.HedmgM

MBU03742.1|COPPER-BIND  106     120     PS00196|COPPER_BLUE     .       .       (0)     Gt.YkYVCe.P.HeqmgM

MBU89652.1|COPPER-BIND  103     117     PS00196|COPPER_BLUE     .       .       (0)     Gt.YdFVCe.P.HesanM

MBV07534.1|UNCHARACTERIZED      503     517     PS00196|COPPER_BLUE     .       .       (0)     GtlY.YVCe.P.HammdM

OIR11983.1|UNCHARACTERIZED      483     497     PS00196|COPPER_BLUE     .       .       (0)     AtlY.YVCe.P.HasmgM

OIR21657.1|COPPER-BIND  90      104     PS00196|COPPER_BLUE     .       .       (0)     Gt.YdFICe.P.HetlnM

OIR22321.1|COPPER-BIND  90      104     PS00196|COPPER_BLUE     .       .       (0)     Gt.YdFICe.P.HetlnM

OUV25623.1|COPPER-BIND  99      113     PS00196|COPPER_BLUE     .       .       (0)     Gt.YtYVCe.P.HeqmgM

OUV66838.1|PLASTOCYANIN|MW=11674.0DA    86      100     PS00196|COPPER_BLUE     .       .       (0)     Gd.YtYWCa.P.HkgagM

OUV69552.1|COPPER-BIND  101     115     PS00196|COPPER_BLUE     .       .       (0)     Gt.YkYVCe.P.HeqmgM

OUX22676.1|COPPER-BIND  159     174     PS00196|COPPER_BLUE     .       .       (0)     AgtYdFVCe.P.HesagM

OUX22915.1|COPPER-BIND  95      109     PS00196|COPPER_BLUE     .       .       (0)     Gt.YeFVCe.P.HesagM

PDH22248.1|COPPER-BIND  93      107     PS00196|COPPER_BLUE     .       .       (0)     Gt.YeYVCe.P.HeelgM

PDH23848.1|COPPER-BIND  99      113     PS00196|COPPER_BLUE     .       .       (0)     Gt.YtYVCe.P.HeqmgM

PXY79748.1|COPPER-BIND  98      111     PS00196|COPPER_BLUE     .       .       (0)     AgtYdYKCq.P.Hpy..M

RAH08435.1|COPPER-BIND  88      102     PS00196|COPPER_BLUE     .       .       (0)     Gt.YeFVCe.P.HesvgM

RAH09521.1|COPPER-BIND  95      109     PS00196|COPPER_BLUE     .       .       (0)     Gt.YeFVCe.P.HesagM

RAH13340.1|COPPER-BIND  93      107     PS00196|COPPER_BLUE     .       .       (0)     GtfS.YYCe.P.HrilgM

RAH14167.1|COPPER-BIND  117     131     PS00196|COPPER_BLUE     .       .       (0)     Gt.YqYVCe.P.HeslgM

RAH15697.1|COPPER-BIND  97      111     PS00196|COPPER_BLUE     .       .       (0)     Gt.YnFICe.P.HesfgM

RCH73408.1|COPPER-BIND  95      109     PS00196|COPPER_BLUE     .       .       (0)     Gt.YeFVCe.P.HesagM

RCH74772.1|COPPER-BIND  103     117     PS00196|COPPER_BLUE     .       .       (0)     Gt.YdFVCe.P.HesanM

RJU81595.1|COPPER-BIND  93      108     PS00196|COPPER_BLUE     .       .       (0)     AgsYdYFCe.P.HqavgM

RJU81859.1|COPPER-BIND  75      89      PS00196|COPPER_BLUE     .       .       (0)     Gt.YeYVCe.P.HeqmgM

RJU85176.1|COPPER-BIND  95      110     PS00196|COPPER_BLUE     .       .       (0)     AgtYeFVCe.P.HasagM

RJU87053.1|MFS  120     134     PS00196|COPPER_BLUE     .       .       (0)     Gt.YeYVCe.P.HeeagM

RJU89997.1|COPPER-BIND  119     133     PS00196|COPPER_BLUE     .       .       (0)     Gt.YdFVCe.P.HaafgM

RJU90201.1|COPPER-BIND  192     206     PS00196|COPPER_BLUE     .       .       (0)     Gt.YtYVCe.P.HeglgM

RJU95404.1|COPPER-BIND  96      110     PS00196|COPPER_BLUE     .       .       (0)     Gt.YdFVCe.P.HesmgM

RJU96937.1|COPPER-BIND  93      108     PS00196|COPPER_BLUE     .       .       (0)     AgvYdYVCe.P.HaavgM

RJV00220.1|COPPER-BIND  94      108     PS00196|COPPER_BLUE     .       .       (0)     Gt.YeFVCe.P.HesvgM

RJV00958.1|MFS  125     139     PS00196|COPPER_BLUE     .       .       (0)     Gt.YqYVCe.P.HeslgM

RJV02367.1|COPPER-BIND  114     128     PS00196|COPPER_BLUE     .       .       (0)     Gt.YdFVCe.P.HesvgM

RPG70352.1|COPPER-BIND  91      106     PS00196|COPPER_BLUE     .       .       (0)     AgtYeFVCe.P.HesagM

RPG71013.1|COPPER-BIND  101     115     PS00196|COPPER_BLUE     .       .       (0)     Gt.YeFVCe.P.HeqlgM

RPG73392.1|COPPER-BIND  88      102     PS00196|COPPER_BLUE     .       .       (0)     Gt.YdFVCe.P.HesvgM

RPG74742.1|COPPER-BIND  99      113     PS00196|COPPER_BLUE     .       .       (0)     Gt.YeFVCe.P.HesvgM

RPG74973.1|COPPER-BIND  93      108     PS00196|COPPER_BLUE     .       .       (0)     AgvYnFFCe.P.HesvgM

RZD33358.1|UNCHARACTERIZED      481     495     PS00196|COPPER_BLUE     .       .       (0)     AtlY.YVCe.P.HasmpM

RZD36417.1|DEHYDROGENASE|MW=68030.0DA   97      111     PS00196|COPPER_BLUE     .       .       (0)     GtlY.YVCe.P.HagmkM

RZD38687.1|DEHYDROGENASE|MW=68779.0DA   94      108     PS00196|COPPER_BLUE     .       .       (0)     GtlY.YVCe.P.HatmnM

RZD39013.1|COPPER-BIND  113     128     PS00196|COPPER_BLUE     .       .       (0)     AgeYnFFCe.P.HesvgM

